<?xml version="1.0" encoding="UTF-8"?><TaskState connectorKind="bugzilla" repositoryUrl="https://bugs.eclipse.org/bugs" taskId="4" version="2.0">
<NewData connectorKind="bugzilla" repositoryUrl="https://bugs.eclipse.org/bugs" taskId="4" version="4.8">
<Attributes>
<Attribute id="root">
<values/>
<options/>
<MetaData/>
<Attributes>
<Attribute id="short_desc">
<values>
<value>need better error message if catching up over read-only resource (1GF69TF)</value>
</values>
<options/>
<MetaData>
<meta>
<key>task.meta.readOnly</key>
<value>false</value>
</meta>
<meta>
<key>task.meta.type</key>
<value>shortRichText</value>
</meta>
<meta>
<key>task.meta.required</key>
<value>false</value>
</meta>
<meta>
<key>task.meta.label</key>
<value>Summary:</value>
</meta>
</MetaData>
<Attributes/>
</Attribute>
<Attribute id="bug_status">
<values>
<value>RESOLVED</value>
</values>
<options>
<option>
<key>UNCONFIRMED</key>
<value>UNCONFIRMED</value>
</option>
<option>
<key>NEW</key>
<value>NEW</value>
</option>
<option>
<key>ASSIGNED</key>
<value>ASSIGNED</value>
</option>
<option>
<key>REOPENED</key>
<value>REOPENED</value>
</option>
<option>
<key>RESOLVED</key>
<value>RESOLVED</value>
</option>
<option>
<key>VERIFIED</key>
<value>VERIFIED</value>
</option>
<option>
<key>CLOSED</key>
<value>CLOSED</value>
</option>
</options>
<MetaData>
<meta>
<key>task.meta.readOnly</key>
<value>true</value>
</meta>
<meta>
<key>task.meta.type</key>
<value>shortText</value>
</meta>
<meta>
<key>task.meta.required</key>
<value>false</value>
</meta>
<meta>
<key>task.meta.label</key>
<value>Status:</value>
</meta>
</MetaData>
<Attributes/>
</Attribute>
<Attribute id="resolution">
<values>
<value>FIXED</value>
</values>
<options>
<option>
<key>FIXED</key>
<value>FIXED</value>
</option>
<option>
<key>INVALID</key>
<value>INVALID</value>
</option>
<option>
<key>WONTFIX</key>
<value>WONTFIX</value>
</option>
<option>
<key>DUPLICATE</key>
<value>DUPLICATE</value>
</option>
<option>
<key>WORKSFORME</key>
<value>WORKSFORME</value>
</option>
<option>
<key>MOVED</key>
<value>MOVED</value>
</option>
<option>
<key>NOT_ECLIPSE</key>
<value>NOT_ECLIPSE</value>
</option>
</options>
<MetaData>
<meta>
<key>task.meta.readOnly</key>
<value>true</value>
</meta>
<meta>
<key>task.meta.type</key>
<value>shortText</value>
</meta>
<meta>
<key>task.meta.required</key>
<value>false</value>
</meta>
<meta>
<key>task.meta.attributeKind</key>
<value>task.common.kind.default</value>
</meta>
<meta>
<key>task.meta.label</key>
<value>Resolution:</value>
</meta>
</MetaData>
<Attributes/>
</Attribute>
<Attribute id="bug_id">
<values>
<value>4</value>
</values>
<options/>
<MetaData>
<meta>
<key>task.meta.readOnly</key>
<value>false</value>
</meta>
<meta>
<key>task.meta.type</key>
<value>shortText</value>
</meta>
<meta>
<key>task.meta.required</key>
<value>false</value>
</meta>
<meta>
<key>task.meta.label</key>
<value>Bug:</value>
</meta>
</MetaData>
<Attributes/>
</Attribute>
<Attribute id="rep_platform">
<values>
<value>All</value>
</values>
<options>
<option>
<key>All</key>
<value>All</value>
</option>
<option>
<key>Macintosh</key>
<value>Macintosh</value>
</option>
<option>
<key>Other</key>
<value>Other</value>
</option>
<option>
<key>PC</key>
<value>PC</value>
</option>
<option>
<key>Power PC</key>
<value>Power PC</value>
</option>
<option>
<key>Sun</key>
<value>Sun</value>
</option>
</options>
<MetaData>
<meta>
<key>task.meta.readOnly</key>
<value>false</value>
</meta>
<meta>
<key>task.meta.type</key>
<value>singleSelect</value>
</meta>
<meta>
<key>task.meta.required</key>
<value>false</value>
</meta>
<meta>
<key>task.meta.attributeKind</key>
<value>task.common.kind.default</value>
</meta>
<meta>
<key>task.meta.label</key>
<value>Platform:</value>
</meta>
</MetaData>
<Attributes/>
</Attribute>
<Attribute id="product">
<values>
<value>Platform</value>
</values>
<options>
<option>
<key>4DIAC</key>
<value>4DIAC</value>
</option>
<option>
<key>Acceleo</key>
<value>Acceleo</value>
</option>
<option>
<key>ACTF</key>
<value>ACTF</value>
</option>
<option>
<key>Aether</key>
<value>Aether</value>
</option>
<option>
<key>AJDT</key>
<value>AJDT</value>
</option>
<option>
<key>Amalgam</key>
<value>Amalgam</value>
</option>
<option>
<key>AMP</key>
<value>AMP</value>
</option>
<option>
<key>andmore</key>
<value>andmore</value>
</option>
<option>
<key>App4mc</key>
<value>App4mc</value>
</option>
<option>
<key>Apricot</key>
<value>Apricot</value>
</option>
<option>
<key>AspectJ</key>
<value>AspectJ</value>
</option>
<option>
<key>ATF</key>
<value>ATF</value>
</option>
<option>
<key>Babel</key>
<value>Babel</value>
</option>
<option>
<key>BIRT</key>
<value>BIRT</value>
</option>
<option>
<key>BPEL</key>
<value>BPEL</value>
</option>
<option>
<key>BPMN2Modeler</key>
<value>BPMN2Modeler</value>
</option>
<option>
<key>Buckminster</key>
<value>Buckminster</value>
</option>
<option>
<key>Buildship</key>
<value>Buildship</value>
</option>
<option>
<key>Californium</key>
<value>Californium</value>
</option>
<option>
<key>Camf</key>
<value>Camf</value>
</option>
<option>
<key>CBI</key>
<value>CBI</value>
</option>
<option>
<key>CDT</key>
<value>CDT</value>
</option>
<option>
<key>CFT</key>
<value>CFT</value>
</option>
<option>
<key>Che</key>
<value>Che</value>
</option>
<option>
<key>Chemclipse</key>
<value>Chemclipse</value>
</option>
<option>
<key>Collections</key>
<value>Collections</value>
</option>
<option>
<key>Community</key>
<value>Community</value>
</option>
<option>
<key>Concierge</key>
<value>Concierge</value>
</option>
<option>
<key>Dali JPA Tools</key>
<value>Dali JPA Tools</value>
</option>
<option>
<key>Damos</key>
<value>Damos</value>
</option>
<option>
<key>Dash</key>
<value>Dash</value>
</option>
<option>
<key>Data Tools</key>
<value>Data Tools</value>
</option>
<option>
<key>DAWNsci</key>
<value>DAWNsci</value>
</option>
<option>
<key>Dirigible</key>
<value>Dirigible</value>
</option>
<option>
<key>DLTK</key>
<value>DLTK</value>
</option>
<option>
<key>Drupal</key>
<value>Drupal</value>
</option>
<option>
<key>e4</key>
<value>e4</value>
</option>
<option>
<key>Ease</key>
<value>Ease</value>
</option>
<option>
<key>EATop</key>
<value>EATop</value>
</option>
<option>
<key>Eavp</key>
<value>Eavp</value>
</option>
<option>
<key>eBAM</key>
<value>eBAM</value>
</option>
<option>
<key>eBPM</key>
<value>eBPM</value>
</option>
<option>
<key>EBR</key>
<value>EBR</value>
</option>
<option>
<key>ECF</key>
<value>ECF</value>
</option>
<option>
<key>EclipseLink</key>
<value>EclipseLink</value>
</option>
<option>
<key>Ecoretools</key>
<value>Ecoretools</value>
</option>
<option>
<key>ECP</key>
<value>ECP</value>
</option>
<option>
<key>Edapt</key>
<value>Edapt</value>
</option>
<option>
<key>EDT</key>
<value>EDT</value>
</option>
<option>
<key>EFM</key>
<value>EFM</value>
</option>
<option>
<key>Efxclipse</key>
<value>Efxclipse</value>
</option>
<option>
<key>Egerrit</key>
<value>Egerrit</value>
</option>
<option>
<key>EGit</key>
<value>EGit</value>
</option>
<option>
<key>Elk</key>
<value>Elk</value>
</option>
<option>
<key>EMF</key>
<value>EMF</value>
</option>
<option>
<key>EMF.Diffmerge</key>
<value>EMF.Diffmerge</value>
</option>
<option>
<key>EMF.EGF</key>
<value>EMF.EGF</value>
</option>
<option>
<key>EMF.Parsley</key>
<value>EMF.Parsley</value>
</option>
<option>
<key>EMFCompare</key>
<value>EMFCompare</value>
</option>
<option>
<key>EMFStore</key>
<value>EMFStore</value>
</option>
<option>
<key>EMFT</key>
<value>EMFT</value>
</option>
<option>
<key>EMFT.b3</key>
<value>EMFT.b3</value>
</option>
<option>
<key>EMFT.Doc2Model</key>
<value>EMFT.Doc2Model</value>
</option>
<option>
<key>EMFT.facet</key>
<value>EMFT.facet</value>
</option>
<option>
<key>EMFT.Henshin</key>
<value>EMFT.Henshin</value>
</option>
<option>
<key>EMFT.js4emf</key>
<value>EMFT.js4emf</value>
</option>
<option>
<key>EMFT.Refactor</key>
<value>EMFT.Refactor</value>
</option>
<option>
<key>EMFT.Wazaabi</key>
<value>EMFT.Wazaabi</value>
</option>
<option>
<key>EPF</key>
<value>EPF</value>
</option>
<option>
<key>EPP</key>
<value>EPP</value>
</option>
<option>
<key>Epsilon</key>
<value>Epsilon</value>
</option>
<option>
<key>Equinox</key>
<value>Equinox</value>
</option>
<option>
<key>ERCP</key>
<value>ERCP</value>
</option>
<option>
<key>eTrice</key>
<value>eTrice</value>
</option>
<option>
<key>Flux</key>
<value>Flux</value>
</option>
<option>
<key>FMC</key>
<value>FMC</value>
</option>
<option>
<key>Franca</key>
<value>Franca</value>
</option>
<option>
<key>GEF</key>
<value>GEF</value>
</option>
<option>
<key>GEF3D</key>
<value>GEF3D</value>
</option>
<option>
<key>Gemini</key>
<value>Gemini</value>
</option>
<option>
<key>Gemini.Blueprint</key>
<value>Gemini.Blueprint</value>
</option>
<option>
<key>Gemini.DBaccess</key>
<value>Gemini.DBaccess</value>
</option>
<option>
<key>Gemini.JPA</key>
<value>Gemini.JPA</value>
</option>
<option>
<key>Gemini.Management</key>
<value>Gemini.Management</value>
</option>
<option>
<key>Gemini.Naming</key>
<value>Gemini.Naming</value>
</option>
<option>
<key>Gemini.Web</key>
<value>Gemini.Web</value>
</option>
<option>
<key>Gendoc</key>
<value>Gendoc</value>
</option>
<option>
<key>GMF-Notation</key>
<value>GMF-Notation</value>
</option>
<option>
<key>GMF-Runtime</key>
<value>GMF-Runtime</value>
</option>
<option>
<key>GMF-Tooling</key>
<value>GMF-Tooling</value>
</option>
<option>
<key>GMP</key>
<value>GMP</value>
</option>
<option>
<key>GMT</key>
<value>GMT</value>
</option>
<option>
<key>Golo</key>
<value>Golo</value>
</option>
<option>
<key>Graphiti</key>
<value>Graphiti</value>
</option>
<option>
<key>Gyrex</key>
<value>Gyrex</value>
</option>
<option>
<key>Handly</key>
<value>Handly</value>
</option>
<option>
<key>Hawkbit</key>
<value>Hawkbit</value>
</option>
<option>
<key>Higgins</key>
<value>Higgins</value>
</option>
<option>
<key>Hudson</key>
<value>Hudson</value>
</option>
<option>
<key>Ice</key>
<value>Ice</value>
</option>
<option>
<key>Incubator</key>
<value>Incubator</value>
</option>
<option>
<key>Java EE Config</key>
<value>Java EE Config</value>
</option>
<option>
<key>Java Server Faces</key>
<value>Java Server Faces</value>
</option>
<option>
<key>JDT</key>
<value>JDT</value>
</option>
<option>
<key>Jetty</key>
<value>Jetty</value>
</option>
<option>
<key>JGit</key>
<value>JGit</value>
</option>
<option>
<key>JSDT</key>
<value>JSDT</value>
</option>
<option>
<key>Jubula</key>
<value>Jubula</value>
</option>
<option>
<key>JWT</key>
<value>JWT</value>
</option>
<option>
<key>Krikkit</key>
<value>Krikkit</value>
</option>
<option>
<key>Kura</key>
<value>Kura</value>
</option>
<option>
<key>LDT</key>
<value>LDT</value>
</option>
<option>
<key>Leshan</key>
<value>Leshan</value>
</option>
<option>
<key>Libra</key>
<value>Libra</value>
</option>
<option>
<key>Linux Tools</key>
<value>Linux Tools</value>
</option>
<option>
<key>Lyo</key>
<value>Lyo</value>
</option>
<option>
<key>m2e</key>
<value>m2e</value>
</option>
<option>
<key>M2E-WTP</key>
<value>M2E-WTP</value>
</option>
<option>
<key>M2T</key>
<value>M2T</value>
</option>
<option>
<key>Mangrove</key>
<value>Mangrove</value>
</option>
<option>
<key>MAT</key>
<value>MAT</value>
</option>
<option>
<key>Mbeddr</key>
<value>Mbeddr</value>
</option>
<option>
<key>MDHT</key>
<value>MDHT</value>
</option>
<option>
<key>MDMBL</key>
<value>MDMBL</value>
</option>
<option>
<key>MDMWeb</key>
<value>MDMWeb</value>
</option>
<option>
<key>MDT</key>
<value>MDT</value>
</option>
<option>
<key>MDT.BPMN2</key>
<value>MDT.BPMN2</value>
</option>
<option>
<key>MDT.MoDisco</key>
<value>MDT.MoDisco</value>
</option>
<option>
<key>MDT.RMF</key>
<value>MDT.RMF</value>
</option>
<option>
<key>MDT.UML2</key>
<value>MDT.UML2</value>
</option>
<option>
<key>MDT.XSD</key>
<value>MDT.XSD</value>
</option>
<option>
<key>Mihini</key>
<value>Mihini</value>
</option>
<option>
<key>MMT</key>
<value>MMT</value>
</option>
<option>
<key>MMT.ATL</key>
<value>MMT.ATL</value>
</option>
<option>
<key>Modeling</key>
<value>Modeling</value>
</option>
<option>
<key>Mosquitto</key>
<value>Mosquitto</value>
</option>
<option>
<key>MPC</key>
<value>MPC</value>
</option>
<option>
<key>MTJ</key>
<value>MTJ</value>
</option>
<option>
<key>Mylyn</key>
<value>Mylyn</value>
</option>
<option>
<key>Mylyn Builds</key>
<value>Mylyn Builds</value>
</option>
<option>
<key>Mylyn Commons</key>
<value>Mylyn Commons</value>
</option>
<option>
<key>Mylyn Context</key>
<value>Mylyn Context</value>
</option>
<option>
<key>Mylyn Context MFT</key>
<value>Mylyn Context MFT</value>
</option>
<option>
<key>Mylyn Docs</key>
<value>Mylyn Docs</value>
</option>
<option>
<key>Mylyn Docs Intent</key>
<value>Mylyn Docs Intent</value>
</option>
<option>
<key>Mylyn Docs Vex</key>
<value>Mylyn Docs Vex</value>
</option>
<option>
<key>Mylyn Incubator</key>
<value>Mylyn Incubator</value>
</option>
<option>
<key>Mylyn Reviews</key>
<value>Mylyn Reviews</value>
</option>
<option>
<key>Mylyn Reviews R4E</key>
<value>Mylyn Reviews R4E</value>
</option>
<option>
<key>Mylyn Tasks</key>
<value>Mylyn Tasks</value>
</option>
<option>
<key>Mylyn Versions</key>
<value>Mylyn Versions</value>
</option>
<option>
<key>NatTable</key>
<value>NatTable</value>
</option>
<option>
<key>Nebula</key>
<value>Nebula</value>
</option>
<option>
<key>Nebula.incubator</key>
<value>Nebula.incubator</value>
</option>
<option>
<key>Objectteams</key>
<value>Objectteams</value>
</option>
<option>
<key>OCL</key>
<value>OCL</value>
</option>
<option>
<key>OGEE</key>
<value>OGEE</value>
</option>
<option>
<key>OM2M</key>
<value>OM2M</value>
</option>
<option>
<key>OMR</key>
<value>OMR</value>
</option>
<option>
<key>Oomph</key>
<value>Oomph</value>
</option>
<option>
<key>OpenK-platform</key>
<value>OpenK-platform</value>
</option>
<option>
<key>Orbit</key>
<value>Orbit</value>
</option>
<option>
<key>Orion</key>
<value>Orion</value>
</option>
<option>
<key>OSEE</key>
<value>OSEE</value>
</option>
<option>
<key>Package-Drone</key>
<value>Package-Drone</value>
</option>
<option>
<key>Paho</key>
<value>Paho</value>
</option>
<option>
<key>Paho.incubator</key>
<value>Paho.incubator</value>
</option>
<option>
<key>Papyrus</key>
<value>Papyrus</value>
</option>
<option>
<key>Papyrus-rt</key>
<value>Papyrus-rt</value>
</option>
<option>
<key>PDE</key>
<value>PDE</value>
</option>
<option>
<key>PDT</key>
<value>PDT</value>
</option>
<option>
<key>PDT.Incubator</key>
<value>PDT.Incubator</value>
</option>
<option>
<key>Platform</key>
<value>Platform</value>
</option>
<option>
<key>PMF</key>
<value>PMF</value>
</option>
<option>
<key>Ponte</key>
<value>Ponte</value>
</option>
<option>
<key>PTP</key>
<value>PTP</value>
</option>
<option>
<key>QVTd</key>
<value>QVTd</value>
</option>
<option>
<key>QVTo</key>
<value>QVTo</value>
</option>
<option>
<key>RAP</key>
<value>RAP</value>
</option>
<option>
<key>RCPTT</key>
<value>RCPTT</value>
</option>
<option>
<key>RDF4J</key>
<value>RDF4J</value>
</option>
<option>
<key>Recommenders</key>
<value>Recommenders</value>
</option>
<option>
<key>Recommenders.Incubator</key>
<value>Recommenders.Incubator</value>
</option>
<option>
<key>Remus</key>
<value>Remus</value>
</option>
<option>
<key>Rich Beans</key>
<value>Rich Beans</value>
</option>
<option>
<key>Riena</key>
<value>Riena</value>
</option>
<option>
<key>Risev2g</key>
<value>Risev2g</value>
</option>
<option>
<key>RTP</key>
<value>RTP</value>
</option>
<option>
<key>RTSC</key>
<value>RTSC</value>
</option>
<option>
<key>Sapphire</key>
<value>Sapphire</value>
</option>
<option>
<key>SCA</key>
<value>SCA</value>
</option>
<option>
<key>Scada</key>
<value>Scada</value>
</option>
<option>
<key>Score</key>
<value>Score</value>
</option>
<option>
<key>Scout</key>
<value>Scout</value>
</option>
<option>
<key>Sequoyah</key>
<value>Sequoyah</value>
</option>
<option>
<key>Simultaneous Release</key>
<value>Simultaneous Release</value>
</option>
<option>
<key>Sirius</key>
<value>Sirius</value>
</option>
<option>
<key>Sisu</key>
<value>Sisu</value>
</option>
<option>
<key>Skalli</key>
<value>Skalli</value>
</option>
<option>
<key>SmartHome</key>
<value>SmartHome</value>
</option>
<option>
<key>Smila</key>
<value>Smila</value>
</option>
<option>
<key>SOA</key>
<value>SOA</value>
</option>
<option>
<key>SOA Platform</key>
<value>SOA Platform</value>
</option>
<option>
<key>Sphinx</key>
<value>Sphinx</value>
</option>
<option>
<key>Stardust</key>
<value>Stardust</value>
</option>
<option>
<key>STEM</key>
<value>STEM</value>
</option>
<option>
<key>Subversive</key>
<value>Subversive</value>
</option>
<option>
<key>SWTBot</key>
<value>SWTBot</value>
</option>
<option>
<key>Target Management</key>
<value>Target Management</value>
</option>
<option>
<key>TCF</key>
<value>TCF</value>
</option>
<option>
<key>Technology Top Level</key>
<value>Technology Top Level</value>
</option>
<option>
<key>Thym</key>
<value>Thym</value>
</option>
<option>
<key>Tiaki</key>
<value>Tiaki</value>
</option>
<option>
<key>Tigerstripe</key>
<value>Tigerstripe</value>
</option>
<option>
<key>Tinydtls</key>
<value>Tinydtls</value>
</option>
<option>
<key>Titan</key>
<value>Titan</value>
</option>
<option>
<key>TMF</key>
<value>TMF</value>
</option>
<option>
<key>TMW</key>
<value>TMW</value>
</option>
<option>
<key>Tools</key>
<value>Tools</value>
</option>
<option>
<key>TPTP Agent Controller</key>
<value>TPTP Agent Controller</value>
</option>
<option>
<key>TPTP ASF</key>
<value>TPTP ASF</value>
</option>
<option>
<key>TPTP Build to Manage</key>
<value>TPTP Build to Manage</value>
</option>
<option>
<key>TPTP Common Logging</key>
<value>TPTP Common Logging</value>
</option>
<option>
<key>TPTP GLA</key>
<value>TPTP GLA</value>
</option>
<option>
<key>TPTP Line Coverage</key>
<value>TPTP Line Coverage</value>
</option>
<option>
<key>TPTP Log Analyzer</key>
<value>TPTP Log Analyzer</value>
</option>
<option>
<key>TPTP Probe Instrumentation</key>
<value>TPTP Probe Instrumentation</value>
</option>
<option>
<key>TPTP Profiling</key>
<value>TPTP Profiling</value>
</option>
<option>
<key>TPTP Release Engineering</key>
<value>TPTP Release Engineering</value>
</option>
<option>
<key>TPTP Resource Monitoring</key>
<value>TPTP Resource Monitoring</value>
</option>
<option>
<key>TPTP Static Analysis</key>
<value>TPTP Static Analysis</value>
</option>
<option>
<key>TPTP Testing</key>
<value>TPTP Testing</value>
</option>
<option>
<key>Tracecompass</key>
<value>Tracecompass</value>
</option>
<option>
<key>Triquetrum</key>
<value>Triquetrum</value>
</option>
<option>
<key>Tycho</key>
<value>Tycho</value>
</option>
<option>
<key>UMLGen</key>
<value>UMLGen</value>
</option>
<option>
<key>UOMo</key>
<value>UOMo</value>
</option>
<option>
<key>UPR</key>
<value>UPR</value>
</option>
<option>
<key>Vertx</key>
<value>Vertx</value>
</option>
<option>
<key>Viatra</key>
<value>Viatra</value>
</option>
<option>
<key>Virgo</key>
<value>Virgo</value>
</option>
<option>
<key>Vjet</key>
<value>Vjet</value>
</option>
<option>
<key>Vorto</key>
<value>Vorto</value>
</option>
<option>
<key>VTP</key>
<value>VTP</value>
</option>
<option>
<key>Wakaama</key>
<value>Wakaama</value>
</option>
<option>
<key>Web Tools</key>
<value>Web Tools</value>
</option>
<option>
<key>WindowBuilder</key>
<value>WindowBuilder</value>
</option>
<option>
<key>Winery</key>
<value>Winery</value>
</option>
<option>
<key>Woolsey</key>
<value>Woolsey</value>
</option>
<option>
<key>Working Groups</key>
<value>Working Groups</value>
</option>
<option>
<key>WTP Common Tools</key>
<value>WTP Common Tools</value>
</option>
<option>
<key>WTP EJB Tools</key>
<value>WTP EJB Tools</value>
</option>
<option>
<key>WTP Incubator</key>
<value>WTP Incubator</value>
</option>
<option>
<key>WTP Java EE Tools</key>
<value>WTP Java EE Tools</value>
</option>
<option>
<key>WTP Releng</key>
<value>WTP Releng</value>
</option>
<option>
<key>WTP ServerTools</key>
<value>WTP ServerTools</value>
</option>
<option>
<key>WTP Source Editing</key>
<value>WTP Source Editing</value>
</option>
<option>
<key>WTP Webservices</key>
<value>WTP Webservices</value>
</option>
<option>
<key>WTP Website</key>
<value>WTP Website</value>
</option>
<option>
<key>Xtend</key>
<value>Xtend</value>
</option>
<option>
<key>XWT</key>
<value>XWT</value>
</option>
<option>
<key>z_Archived</key>
<value>z_Archived</value>
</option>
</options>
<MetaData>
<meta>
<key>task.meta.readOnly</key>
<value>false</value>
</meta>
<meta>
<key>task.meta.type</key>
<value>singleSelect</value>
</meta>
<meta>
<key>task.meta.required</key>
<value>false</value>
</meta>
<meta>
<key>task.meta.attributeKind</key>
<value>task.common.kind.default</value>
</meta>
<meta>
<key>task.meta.label</key>
<value>Product:</value>
</meta>
</MetaData>
<Attributes/>
</Attribute>
<Attribute id="op_sys">
<values>
<value>All</value>
</values>
<options>
<option>
<key>All</key>
<value>All</value>
</option>
<option>
<key>Android</key>
<value>Android</value>
</option>
<option>
<key>HP-UX</key>
<value>HP-UX</value>
</option>
<option>
<key>iOS</key>
<value>iOS</value>
</option>
<option>
<key>Linux</key>
<value>Linux</value>
</option>
<option>
<key>Mac OS X</key>
<value>Mac OS X</value>
</option>
<option>
<key>Neutrino</key>
<value>Neutrino</value>
</option>
<option>
<key>other</key>
<value>other</value>
</option>
<option>
<key>QNX-Photon</key>
<value>QNX-Photon</value>
</option>
<option>
<key>Solaris</key>
<value>Solaris</value>
</option>
<option>
<key>SymbianOS</key>
<value>SymbianOS</value>
</option>
<option>
<key>Unix All</key>
<value>Unix All</value>
</option>
<option>
<key>Windows All</key>
<value>Windows All</value>
</option>
<option>
<key>Windows Server 2008</key>
<value>Windows Server 2008</value>
</option>
<option>
<key>Windows 7</key>
<value>Windows 7</value>
</option>
<option>
<key>Windows 8</key>
<value>Windows 8</value>
</option>
<option>
<key>Windows 10</key>
<value>Windows 10</value>
</option>
</options>
<MetaData>
<meta>
<key>task.meta.readOnly</key>
<value>false</value>
</meta>
<meta>
<key>task.meta.type</key>
<value>singleSelect</value>
</meta>
<meta>
<key>task.meta.required</key>
<value>false</value>
</meta>
<meta>
<key>task.meta.attributeKind</key>
<value>task.common.kind.default</value>
</meta>
<meta>
<key>task.meta.label</key>
<value>OS:</value>
</meta>
</MetaData>
<Attributes/>
</Attribute>
<Attribute id="component">
<values>
<value>Team</value>
</values>
<options>
<option>
<key>Ant</key>
<value>Ant</value>
</option>
<option>
<key>CVS</key>
<value>CVS</value>
</option>
<option>
<key>Compare</key>
<value>Compare</value>
</option>
<option>
<key>Debug</key>
<value>Debug</value>
</option>
<option>
<key>Doc</key>
<value>Doc</value>
</option>
<option>
<key>IDE</key>
<value>IDE</value>
</option>
<option>
<key>Incubator</key>
<value>Incubator</value>
</option>
<option>
<key>PMC</key>
<value>PMC</value>
</option>
<option>
<key>Releng</key>
<value>Releng</value>
</option>
<option>
<key>Resources</key>
<value>Resources</value>
</option>
<option>
<key>Runtime</key>
<value>Runtime</value>
</option>
<option>
<key>SWT</key>
<value>SWT</value>
</option>
<option>
<key>Scripting</key>
<value>Scripting</value>
</option>
<option>
<key>Search</key>
<value>Search</value>
</option>
<option>
<key>Team</key>
<value>Team</value>
</option>
<option>
<key>Text</key>
<value>Text</value>
</option>
<option>
<key>UI</key>
<value>UI</value>
</option>
<option>
<key>Update  (deprecated - use RT&gt;Equinox&gt;p2)</key>
<value>Update  (deprecated - use RT&gt;Equinox&gt;p2)</value>
</option>
<option>
<key>User Assistance</key>
<value>User Assistance</value>
</option>
<option>
<key>WebDAV</key>
<value>WebDAV</value>
</option>
<option>
<key>Website</key>
<value>Website</value>
</option>
</options>
<MetaData>
<meta>
<key>task.meta.readOnly</key>
<value>false</value>
</meta>
<meta>
<key>task.meta.type</key>
<value>singleSelect</value>
</meta>
<meta>
<key>task.meta.required</key>
<value>false</value>
</meta>
<meta>
<key>task.meta.attributeKind</key>
<value>task.common.kind.default</value>
</meta>
<meta>
<key>task.meta.label</key>
<value>Component:</value>
</meta>
</MetaData>
<Attributes/>
</Attribute>
<Attribute id="version">
<values>
<value>2.0</value>
</values>
<options>
<option>
<key>1.0</key>
<value>1.0</value>
</option>
<option>
<key>2.0</key>
<value>2.0</value>
</option>
<option>
<key>2.0.1</key>
<value>2.0.1</value>
</option>
<option>
<key>2.0.2</key>
<value>2.0.2</value>
</option>
<option>
<key>2.1</key>
<value>2.1</value>
</option>
<option>
<key>2.1.1</key>
<value>2.1.1</value>
</option>
<option>
<key>2.1.2</key>
<value>2.1.2</value>
</option>
<option>
<key>2.1.3</key>
<value>2.1.3</value>
</option>
<option>
<key>3.0</key>
<value>3.0</value>
</option>
<option>
<key>3.0.1</key>
<value>3.0.1</value>
</option>
<option>
<key>3.0.2</key>
<value>3.0.2</value>
</option>
<option>
<key>3.1</key>
<value>3.1</value>
</option>
<option>
<key>3.1.1</key>
<value>3.1.1</value>
</option>
<option>
<key>3.1.2</key>
<value>3.1.2</value>
</option>
<option>
<key>3.2</key>
<value>3.2</value>
</option>
<option>
<key>3.2.1</key>
<value>3.2.1</value>
</option>
<option>
<key>3.2.2</key>
<value>3.2.2</value>
</option>
<option>
<key>3.3</key>
<value>3.3</value>
</option>
<option>
<key>3.3.1</key>
<value>3.3.1</value>
</option>
<option>
<key>3.3.2</key>
<value>3.3.2</value>
</option>
<option>
<key>3.4</key>
<value>3.4</value>
</option>
<option>
<key>3.4.1</key>
<value>3.4.1</value>
</option>
<option>
<key>3.4.2</key>
<value>3.4.2</value>
</option>
<option>
<key>3.5</key>
<value>3.5</value>
</option>
<option>
<key>3.5.1</key>
<value>3.5.1</value>
</option>
<option>
<key>3.5.2</key>
<value>3.5.2</value>
</option>
<option>
<key>3.6</key>
<value>3.6</value>
</option>
<option>
<key>3.6.1</key>
<value>3.6.1</value>
</option>
<option>
<key>3.6.2</key>
<value>3.6.2</value>
</option>
<option>
<key>3.7</key>
<value>3.7</value>
</option>
<option>
<key>3.7.1</key>
<value>3.7.1</value>
</option>
<option>
<key>3.7.2</key>
<value>3.7.2</value>
</option>
<option>
<key>3.8</key>
<value>3.8</value>
</option>
<option>
<key>3.8.1</key>
<value>3.8.1</value>
</option>
<option>
<key>3.8.2</key>
<value>3.8.2</value>
</option>
<option>
<key>4.0</key>
<value>4.0</value>
</option>
<option>
<key>4.1</key>
<value>4.1</value>
</option>
<option>
<key>4.2</key>
<value>4.2</value>
</option>
<option>
<key>4.2.1</key>
<value>4.2.1</value>
</option>
<option>
<key>4.2.2</key>
<value>4.2.2</value>
</option>
<option>
<key>4.3</key>
<value>4.3</value>
</option>
<option>
<key>4.3.1</key>
<value>4.3.1</value>
</option>
<option>
<key>4.3.2</key>
<value>4.3.2</value>
</option>
<option>
<key>4.4</key>
<value>4.4</value>
</option>
<option>
<key>4.4.1</key>
<value>4.4.1</value>
</option>
<option>
<key>4.4.2</key>
<value>4.4.2</value>
</option>
<option>
<key>4.5</key>
<value>4.5</value>
</option>
<option>
<key>4.5.1</key>
<value>4.5.1</value>
</option>
<option>
<key>4.5.2</key>
<value>4.5.2</value>
</option>
<option>
<key>4.6</key>
<value>4.6</value>
</option>
</options>
<MetaData>
<meta>
<key>task.meta.readOnly</key>
<value>false</value>
</meta>
<meta>
<key>task.meta.type</key>
<value>singleSelect</value>
</meta>
<meta>
<key>task.meta.required</key>
<value>false</value>
</meta>
<meta>
<key>task.meta.attributeKind</key>
<value>task.common.kind.default</value>
</meta>
<meta>
<key>task.meta.label</key>
<value>Version:</value>
</meta>
</MetaData>
<Attributes/>
</Attribute>
<Attribute id="priority">
<values>
<value>P5</value>
</values>
<options>
<option>
<key>P1</key>
<value>P1</value>
</option>
<option>
<key>P2</key>
<value>P2</value>
</option>
<option>
<key>P3</key>
<value>P3</value>
</option>
<option>
<key>P4</key>
<value>P4</value>
</option>
<option>
<key>P5</key>
<value>P5</value>
</option>
</options>
<MetaData>
<meta>
<key>task.meta.readOnly</key>
<value>false</value>
</meta>
<meta>
<key>task.meta.type</key>
<value>singleSelect</value>
</meta>
<meta>
<key>task.meta.required</key>
<value>false</value>
</meta>
<meta>
<key>task.meta.attributeKind</key>
<value>task.common.kind.default</value>
</meta>
<meta>
<key>task.meta.label</key>
<value>Priority:</value>
</meta>
</MetaData>
<Attributes/>
</Attribute>
<Attribute id="bug_severity">
<values>
<value>normal</value>
</values>
<options>
<option>
<key>blocker</key>
<value>blocker</value>
</option>
<option>
<key>critical</key>
<value>critical</value>
</option>
<option>
<key>major</key>
<value>major</value>
</option>
<option>
<key>normal</key>
<value>normal</value>
</option>
<option>
<key>minor</key>
<value>minor</value>
</option>
<option>
<key>trivial</key>
<value>trivial</value>
</option>
<option>
<key>enhancement</key>
<value>enhancement</value>
</option>
</options>
<MetaData>
<meta>
<key>task.meta.readOnly</key>
<value>false</value>
</meta>
<meta>
<key>task.meta.type</key>
<value>singleSelect</value>
</meta>
<meta>
<key>task.meta.required</key>
<value>false</value>
</meta>
<meta>
<key>task.meta.attributeKind</key>
<value>task.common.kind.default</value>
</meta>
<meta>
<key>task.meta.label</key>
<value>Severity:</value>
</meta>
</MetaData>
<Attributes/>
</Attribute>
<Attribute id="assigned_to">
<values>
<value>valentam</value>
</values>
<options/>
<MetaData>
<meta>
<key>task.meta.readOnly</key>
<value>false</value>
</meta>
<meta>
<key>task.meta.type</key>
<value>person</value>
</meta>
<meta>
<key>task.meta.required</key>
<value>false</value>
</meta>
<meta>
<key>task.meta.attributeKind</key>
<value>task.common.kind.people</value>
</meta>
<meta>
<key>task.meta.label</key>
<value>Assigned to:</value>
</meta>
</MetaData>
<Attributes/>
</Attribute>
<Attribute id="target_milestone">
<values>
<value>---</value>
</values>
<options>
<option>
<key>2.0 M1</key>
<value>2.0 M1</value>
</option>
<option>
<key>2.0 M2</key>
<value>2.0 M2</value>
</option>
<option>
<key>2.0 M3</key>
<value>2.0 M3</value>
</option>
<option>
<key>2.0 M4</key>
<value>2.0 M4</value>
</option>
<option>
<key>2.0 M5</key>
<value>2.0 M5</value>
</option>
<option>
<key>2.0 M6</key>
<value>2.0 M6</value>
</option>
<option>
<key>2.0 F1</key>
<value>2.0 F1</value>
</option>
<option>
<key>2.0 F2</key>
<value>2.0 F2</value>
</option>
<option>
<key>2.0 F3</key>
<value>2.0 F3</value>
</option>
<option>
<key>2.0 F4</key>
<value>2.0 F4</value>
</option>
<option>
<key>2.0.1</key>
<value>2.0.1</value>
</option>
<option>
<key>2.0.2</key>
<value>2.0.2</value>
</option>
<option>
<key>2.1</key>
<value>2.1</value>
</option>
<option>
<key>2.1 M1</key>
<value>2.1 M1</value>
</option>
<option>
<key>2.1 M2</key>
<value>2.1 M2</value>
</option>
<option>
<key>2.1 M3</key>
<value>2.1 M3</value>
</option>
<option>
<key>2.1 M4</key>
<value>2.1 M4</value>
</option>
<option>
<key>2.1 M5</key>
<value>2.1 M5</value>
</option>
<option>
<key>2.1 RC1</key>
<value>2.1 RC1</value>
</option>
<option>
<key>2.1 RC2</key>
<value>2.1 RC2</value>
</option>
<option>
<key>2.1 RC3</key>
<value>2.1 RC3</value>
</option>
<option>
<key>2.1 RC4</key>
<value>2.1 RC4</value>
</option>
<option>
<key>2.1.1</key>
<value>2.1.1</value>
</option>
<option>
<key>2.1.2</key>
<value>2.1.2</value>
</option>
<option>
<key>2.1.3</key>
<value>2.1.3</value>
</option>
<option>
<key>3.0</key>
<value>3.0</value>
</option>
<option>
<key>3.0 M1</key>
<value>3.0 M1</value>
</option>
<option>
<key>3.0 M2</key>
<value>3.0 M2</value>
</option>
<option>
<key>3.0 M3</key>
<value>3.0 M3</value>
</option>
<option>
<key>3.0 M4</key>
<value>3.0 M4</value>
</option>
<option>
<key>3.0 M5</key>
<value>3.0 M5</value>
</option>
<option>
<key>3.0 M6</key>
<value>3.0 M6</value>
</option>
<option>
<key>3.0 M7</key>
<value>3.0 M7</value>
</option>
<option>
<key>3.0 M8</key>
<value>3.0 M8</value>
</option>
<option>
<key>3.0 M9</key>
<value>3.0 M9</value>
</option>
<option>
<key>3.0 RC1</key>
<value>3.0 RC1</value>
</option>
<option>
<key>3.0 RC2</key>
<value>3.0 RC2</value>
</option>
<option>
<key>3.0 RC3</key>
<value>3.0 RC3</value>
</option>
<option>
<key>3.0 RC4</key>
<value>3.0 RC4</value>
</option>
<option>
<key>3.0.1</key>
<value>3.0.1</value>
</option>
<option>
<key>3.0.2</key>
<value>3.0.2</value>
</option>
<option>
<key>3.1</key>
<value>3.1</value>
</option>
<option>
<key>3.1 M1</key>
<value>3.1 M1</value>
</option>
<option>
<key>3.1 M2</key>
<value>3.1 M2</value>
</option>
<option>
<key>3.1 M3</key>
<value>3.1 M3</value>
</option>
<option>
<key>3.1 M4</key>
<value>3.1 M4</value>
</option>
<option>
<key>3.1 M5</key>
<value>3.1 M5</value>
</option>
<option>
<key>3.1 M6</key>
<value>3.1 M6</value>
</option>
<option>
<key>3.1 M7</key>
<value>3.1 M7</value>
</option>
<option>
<key>3.1 RC1</key>
<value>3.1 RC1</value>
</option>
<option>
<key>3.1 RC2</key>
<value>3.1 RC2</value>
</option>
<option>
<key>3.1 RC3</key>
<value>3.1 RC3</value>
</option>
<option>
<key>3.1 RC4</key>
<value>3.1 RC4</value>
</option>
<option>
<key>3.1.1</key>
<value>3.1.1</value>
</option>
<option>
<key>3.1.2</key>
<value>3.1.2</value>
</option>
<option>
<key>0.9 M3</key>
<value>0.9 M3</value>
</option>
<option>
<key>0.9 M4</key>
<value>0.9 M4</value>
</option>
<option>
<key>0.9 RC1</key>
<value>0.9 RC1</value>
</option>
<option>
<key>0.9 RC2</key>
<value>0.9 RC2</value>
</option>
<option>
<key>0.9 RC3</key>
<value>0.9 RC3</value>
</option>
<option>
<key>0.9 RC4</key>
<value>0.9 RC4</value>
</option>
<option>
<key>3.2</key>
<value>3.2</value>
</option>
<option>
<key>3.2 M1</key>
<value>3.2 M1</value>
</option>
<option>
<key>3.2 M2</key>
<value>3.2 M2</value>
</option>
<option>
<key>3.2 M3</key>
<value>3.2 M3</value>
</option>
<option>
<key>3.2 M4</key>
<value>3.2 M4</value>
</option>
<option>
<key>3.2 M5</key>
<value>3.2 M5</value>
</option>
<option>
<key>3.2 M6</key>
<value>3.2 M6</value>
</option>
<option>
<key>3.2 RC1</key>
<value>3.2 RC1</value>
</option>
<option>
<key>3.2 RC2</key>
<value>3.2 RC2</value>
</option>
<option>
<key>3.2 RC3</key>
<value>3.2 RC3</value>
</option>
<option>
<key>3.2 RC4</key>
<value>3.2 RC4</value>
</option>
<option>
<key>3.2 RC5</key>
<value>3.2 RC5</value>
</option>
<option>
<key>3.2 RC6</key>
<value>3.2 RC6</value>
</option>
<option>
<key>3.2 RC7</key>
<value>3.2 RC7</value>
</option>
<option>
<key>3.2.1</key>
<value>3.2.1</value>
</option>
<option>
<key>3.2.2</key>
<value>3.2.2</value>
</option>
<option>
<key>3.3</key>
<value>3.3</value>
</option>
<option>
<key>3.3 M1</key>
<value>3.3 M1</value>
</option>
<option>
<key>3.3 M2</key>
<value>3.3 M2</value>
</option>
<option>
<key>3.3 M3</key>
<value>3.3 M3</value>
</option>
<option>
<key>3.3 M4</key>
<value>3.3 M4</value>
</option>
<option>
<key>3.3 M5</key>
<value>3.3 M5</value>
</option>
<option>
<key>3.3 M6</key>
<value>3.3 M6</value>
</option>
<option>
<key>3.3 M7</key>
<value>3.3 M7</value>
</option>
<option>
<key>3.3 RC1</key>
<value>3.3 RC1</value>
</option>
<option>
<key>3.3 RC2</key>
<value>3.3 RC2</value>
</option>
<option>
<key>3.3 RC3</key>
<value>3.3 RC3</value>
</option>
<option>
<key>3.3 RC4</key>
<value>3.3 RC4</value>
</option>
<option>
<key>3.3.1</key>
<value>3.3.1</value>
</option>
<option>
<key>3.3.2</key>
<value>3.3.2</value>
</option>
<option>
<key>3.3.2+</key>
<value>3.3.2+</value>
</option>
<option>
<key>3.4</key>
<value>3.4</value>
</option>
<option>
<key>3.4 M1</key>
<value>3.4 M1</value>
</option>
<option>
<key>3.4 M2</key>
<value>3.4 M2</value>
</option>
<option>
<key>3.4 M3</key>
<value>3.4 M3</value>
</option>
<option>
<key>3.4 M4</key>
<value>3.4 M4</value>
</option>
<option>
<key>3.4 M5</key>
<value>3.4 M5</value>
</option>
<option>
<key>3.4 M6</key>
<value>3.4 M6</value>
</option>
<option>
<key>3.4 M7</key>
<value>3.4 M7</value>
</option>
<option>
<key>3.4 RC1</key>
<value>3.4 RC1</value>
</option>
<option>
<key>3.4 RC2</key>
<value>3.4 RC2</value>
</option>
<option>
<key>3.4 RC3</key>
<value>3.4 RC3</value>
</option>
<option>
<key>3.4 RC4</key>
<value>3.4 RC4</value>
</option>
<option>
<key>3.4.1</key>
<value>3.4.1</value>
</option>
<option>
<key>3.4.2</key>
<value>3.4.2</value>
</option>
<option>
<key>3.4.2+</key>
<value>3.4.2+</value>
</option>
<option>
<key>3.5</key>
<value>3.5</value>
</option>
<option>
<key>3.5 M1</key>
<value>3.5 M1</value>
</option>
<option>
<key>3.5 M2</key>
<value>3.5 M2</value>
</option>
<option>
<key>3.5 M3</key>
<value>3.5 M3</value>
</option>
<option>
<key>3.5 M4</key>
<value>3.5 M4</value>
</option>
<option>
<key>3.5 M5</key>
<value>3.5 M5</value>
</option>
<option>
<key>3.5 M6</key>
<value>3.5 M6</value>
</option>
<option>
<key>3.5 M7</key>
<value>3.5 M7</value>
</option>
<option>
<key>3.5 RC1</key>
<value>3.5 RC1</value>
</option>
<option>
<key>3.5 RC2</key>
<value>3.5 RC2</value>
</option>
<option>
<key>3.5 RC3</key>
<value>3.5 RC3</value>
</option>
<option>
<key>3.5 RC4</key>
<value>3.5 RC4</value>
</option>
<option>
<key>3.5.1</key>
<value>3.5.1</value>
</option>
<option>
<key>3.5.2</key>
<value>3.5.2</value>
</option>
<option>
<key>3.5.2+</key>
<value>3.5.2+</value>
</option>
<option>
<key>3.6</key>
<value>3.6</value>
</option>
<option>
<key>3.6 M1</key>
<value>3.6 M1</value>
</option>
<option>
<key>3.6 M2</key>
<value>3.6 M2</value>
</option>
<option>
<key>3.6 M3</key>
<value>3.6 M3</value>
</option>
<option>
<key>3.6 M4</key>
<value>3.6 M4</value>
</option>
<option>
<key>3.6 M5</key>
<value>3.6 M5</value>
</option>
<option>
<key>3.6 M6</key>
<value>3.6 M6</value>
</option>
<option>
<key>3.6 M7</key>
<value>3.6 M7</value>
</option>
<option>
<key>3.6 RC1</key>
<value>3.6 RC1</value>
</option>
<option>
<key>3.6 RC2</key>
<value>3.6 RC2</value>
</option>
<option>
<key>3.6 RC3</key>
<value>3.6 RC3</value>
</option>
<option>
<key>3.6 RC4</key>
<value>3.6 RC4</value>
</option>
<option>
<key>3.6.1</key>
<value>3.6.1</value>
</option>
<option>
<key>3.6.2</key>
<value>3.6.2</value>
</option>
<option>
<key>3.6.2+</key>
<value>3.6.2+</value>
</option>
<option>
<key>3.7</key>
<value>3.7</value>
</option>
<option>
<key>3.7 M1</key>
<value>3.7 M1</value>
</option>
<option>
<key>3.7 M2</key>
<value>3.7 M2</value>
</option>
<option>
<key>3.7 M3</key>
<value>3.7 M3</value>
</option>
<option>
<key>3.7 M4</key>
<value>3.7 M4</value>
</option>
<option>
<key>3.7 M5</key>
<value>3.7 M5</value>
</option>
<option>
<key>3.7 M6</key>
<value>3.7 M6</value>
</option>
<option>
<key>3.7 M7</key>
<value>3.7 M7</value>
</option>
<option>
<key>3.7 RC1</key>
<value>3.7 RC1</value>
</option>
<option>
<key>3.7 RC2</key>
<value>3.7 RC2</value>
</option>
<option>
<key>3.7 RC3</key>
<value>3.7 RC3</value>
</option>
<option>
<key>3.7 RC4</key>
<value>3.7 RC4</value>
</option>
<option>
<key>3.7.1</key>
<value>3.7.1</value>
</option>
<option>
<key>3.7.2</key>
<value>3.7.2</value>
</option>
<option>
<key>3.7.2+</key>
<value>3.7.2+</value>
</option>
<option>
<key>3.8</key>
<value>3.8</value>
</option>
<option>
<key>3.8 M1</key>
<value>3.8 M1</value>
</option>
<option>
<key>3.8 M2</key>
<value>3.8 M2</value>
</option>
<option>
<key>3.8 M3</key>
<value>3.8 M3</value>
</option>
<option>
<key>3.8 M4</key>
<value>3.8 M4</value>
</option>
<option>
<key>3.8 M5</key>
<value>3.8 M5</value>
</option>
<option>
<key>3.8 M6</key>
<value>3.8 M6</value>
</option>
<option>
<key>3.8 M7</key>
<value>3.8 M7</value>
</option>
<option>
<key>3.8 RC1</key>
<value>3.8 RC1</value>
</option>
<option>
<key>3.8 RC2</key>
<value>3.8 RC2</value>
</option>
<option>
<key>3.8 RC3</key>
<value>3.8 RC3</value>
</option>
<option>
<key>3.8 RC4</key>
<value>3.8 RC4</value>
</option>
<option>
<key>3.8.1</key>
<value>3.8.1</value>
</option>
<option>
<key>3.8.2</key>
<value>3.8.2</value>
</option>
<option>
<key>3.8.2+</key>
<value>3.8.2+</value>
</option>
<option>
<key>4.0</key>
<value>4.0</value>
</option>
<option>
<key>4.1 M1</key>
<value>4.1 M1</value>
</option>
<option>
<key>4.1 M2</key>
<value>4.1 M2</value>
</option>
<option>
<key>4.1 M3</key>
<value>4.1 M3</value>
</option>
<option>
<key>4.1 M4</key>
<value>4.1 M4</value>
</option>
<option>
<key>4.1 M5</key>
<value>4.1 M5</value>
</option>
<option>
<key>4.1 M6</key>
<value>4.1 M6</value>
</option>
<option>
<key>4.1 M7</key>
<value>4.1 M7</value>
</option>
<option>
<key>4.1 RC1</key>
<value>4.1 RC1</value>
</option>
<option>
<key>4.1 RC2</key>
<value>4.1 RC2</value>
</option>
<option>
<key>4.1 RC3</key>
<value>4.1 RC3</value>
</option>
<option>
<key>4.1 RC4</key>
<value>4.1 RC4</value>
</option>
<option>
<key>4.1.1</key>
<value>4.1.1</value>
</option>
<option>
<key>4.1.2</key>
<value>4.1.2</value>
</option>
<option>
<key>4.1</key>
<value>4.1</value>
</option>
<option>
<key>4.2 M1</key>
<value>4.2 M1</value>
</option>
<option>
<key>4.2 M2</key>
<value>4.2 M2</value>
</option>
<option>
<key>4.2 M3</key>
<value>4.2 M3</value>
</option>
<option>
<key>4.2 M4</key>
<value>4.2 M4</value>
</option>
<option>
<key>4.2 M5</key>
<value>4.2 M5</value>
</option>
<option>
<key>4.2 M6</key>
<value>4.2 M6</value>
</option>
<option>
<key>4.2 M7</key>
<value>4.2 M7</value>
</option>
<option>
<key>4.2 RC1</key>
<value>4.2 RC1</value>
</option>
<option>
<key>4.2 RC2</key>
<value>4.2 RC2</value>
</option>
<option>
<key>4.2 RC3</key>
<value>4.2 RC3</value>
</option>
<option>
<key>4.2 RC4</key>
<value>4.2 RC4</value>
</option>
<option>
<key>4.2.1</key>
<value>4.2.1</value>
</option>
<option>
<key>4.2.2</key>
<value>4.2.2</value>
</option>
<option>
<key>4.2.2+</key>
<value>4.2.2+</value>
</option>
<option>
<key>4.2</key>
<value>4.2</value>
</option>
<option>
<key>4.3 M1</key>
<value>4.3 M1</value>
</option>
<option>
<key>4.3 M2</key>
<value>4.3 M2</value>
</option>
<option>
<key>4.3 M3</key>
<value>4.3 M3</value>
</option>
<option>
<key>4.3 M4</key>
<value>4.3 M4</value>
</option>
<option>
<key>4.3 M5</key>
<value>4.3 M5</value>
</option>
<option>
<key>4.3 M6</key>
<value>4.3 M6</value>
</option>
<option>
<key>4.3 M7</key>
<value>4.3 M7</value>
</option>
<option>
<key>4.3 RC1</key>
<value>4.3 RC1</value>
</option>
<option>
<key>4.3 RC2</key>
<value>4.3 RC2</value>
</option>
<option>
<key>4.3 RC3</key>
<value>4.3 RC3</value>
</option>
<option>
<key>4.3 RC4</key>
<value>4.3 RC4</value>
</option>
<option>
<key>4.3.1</key>
<value>4.3.1</value>
</option>
<option>
<key>4.3.2</key>
<value>4.3.2</value>
</option>
<option>
<key>4.3.2+</key>
<value>4.3.2+</value>
</option>
<option>
<key>BETA J8</key>
<value>BETA J8</value>
</option>
<option>
<key>4.3</key>
<value>4.3</value>
</option>
<option>
<key>4.4</key>
<value>4.4</value>
</option>
<option>
<key>4.4 M1</key>
<value>4.4 M1</value>
</option>
<option>
<key>4.4 M2</key>
<value>4.4 M2</value>
</option>
<option>
<key>4.4 M3</key>
<value>4.4 M3</value>
</option>
<option>
<key>4.4 M4</key>
<value>4.4 M4</value>
</option>
<option>
<key>4.4 M5</key>
<value>4.4 M5</value>
</option>
<option>
<key>4.4 M6</key>
<value>4.4 M6</value>
</option>
<option>
<key>4.4 M7</key>
<value>4.4 M7</value>
</option>
<option>
<key>4.4 RC1</key>
<value>4.4 RC1</value>
</option>
<option>
<key>4.4 RC2</key>
<value>4.4 RC2</value>
</option>
<option>
<key>4.4 RC3</key>
<value>4.4 RC3</value>
</option>
<option>
<key>4.4 RC4</key>
<value>4.4 RC4</value>
</option>
<option>
<key>4.4.1</key>
<value>4.4.1</value>
</option>
<option>
<key>4.4.2</key>
<value>4.4.2</value>
</option>
<option>
<key>4.4.2+</key>
<value>4.4.2+</value>
</option>
<option>
<key>4.5</key>
<value>4.5</value>
</option>
<option>
<key>4.5 M1</key>
<value>4.5 M1</value>
</option>
<option>
<key>4.5 M2</key>
<value>4.5 M2</value>
</option>
<option>
<key>4.5 M3</key>
<value>4.5 M3</value>
</option>
<option>
<key>4.5 M4</key>
<value>4.5 M4</value>
</option>
<option>
<key>4.5 M5</key>
<value>4.5 M5</value>
</option>
<option>
<key>4.5 M6</key>
<value>4.5 M6</value>
</option>
<option>
<key>4.5 M7</key>
<value>4.5 M7</value>
</option>
<option>
<key>4.5 RC1</key>
<value>4.5 RC1</value>
</option>
<option>
<key>4.5 RC2</key>
<value>4.5 RC2</value>
</option>
<option>
<key>4.5 RC3</key>
<value>4.5 RC3</value>
</option>
<option>
<key>4.5 RC4</key>
<value>4.5 RC4</value>
</option>
<option>
<key>4.5.1</key>
<value>4.5.1</value>
</option>
<option>
<key>4.5.2</key>
<value>4.5.2</value>
</option>
<option>
<key>4.5.2+</key>
<value>4.5.2+</value>
</option>
<option>
<key>4.6</key>
<value>4.6</value>
</option>
<option>
<key>4.6 M1</key>
<value>4.6 M1</value>
</option>
<option>
<key>4.6 M2</key>
<value>4.6 M2</value>
</option>
<option>
<key>4.6 M3</key>
<value>4.6 M3</value>
</option>
<option>
<key>4.6 M4</key>
<value>4.6 M4</value>
</option>
<option>
<key>4.6 M5</key>
<value>4.6 M5</value>
</option>
<option>
<key>4.6 M6</key>
<value>4.6 M6</value>
</option>
<option>
<key>4.6 M7</key>
<value>4.6 M7</value>
</option>
<option>
<key>4.7</key>
<value>4.7</value>
</option>
<option>
<key>---</key>
<value>---</value>
</option>
</options>
<MetaData>
<meta>
<key>task.meta.readOnly</key>
<value>false</value>
</meta>
<meta>
<key>task.meta.type</key>
<value>singleSelect</value>
</meta>
<meta>
<key>task.meta.required</key>
<value>false</value>
</meta>
<meta>
<key>task.meta.attributeKind</key>
<value>task.common.kind.default</value>
</meta>
<meta>
<key>task.meta.label</key>
<value>Target milestone:</value>
</meta>
</MetaData>
<Attributes/>
</Attribute>
<Attribute id="reporter">
<values>
<value>grant_gayed</value>
</values>
<options/>
<MetaData>
<meta>
<key>task.meta.readOnly</key>
<value>true</value>
</meta>
<meta>
<key>task.meta.type</key>
<value>person</value>
</meta>
<meta>
<key>task.meta.required</key>
<value>false</value>
</meta>
<meta>
<key>task.meta.attributeKind</key>
<value>task.common.kind.people</value>
</meta>
<meta>
<key>task.meta.label</key>
<value>Reporter:</value>
</meta>
</MetaData>
<Attributes/>
</Attribute>
<Attribute id="dependson">
<values/>
<options/>
<MetaData>
<meta>
<key>task.meta.readOnly</key>
<value>false</value>
</meta>
<meta>
<key>task.meta.type</key>
<value>taskDepenedency</value>
</meta>
<meta>
<key>task.meta.required</key>
<value>false</value>
</meta>
<meta>
<key>task.meta.attributeKind</key>
<value>task.common.kind.default</value>
</meta>
<meta>
<key>task.meta.label</key>
<value>Depends on (Subtasks):</value>
</meta>
</MetaData>
<Attributes/>
</Attribute>
<Attribute id="blocked">
<values/>
<options/>
<MetaData>
<meta>
<key>task.meta.readOnly</key>
<value>false</value>
</meta>
<meta>
<key>task.meta.type</key>
<value>taskDepenedency</value>
</meta>
<meta>
<key>task.meta.required</key>
<value>false</value>
</meta>
<meta>
<key>task.meta.attributeKind</key>
<value>task.common.kind.default</value>
</meta>
<meta>
<key>task.meta.label</key>
<value>Blocks:</value>
</meta>
</MetaData>
<Attributes/>
</Attribute>
<Attribute id="bug_file_loc">
<values>
<value/>
</values>
<options/>
<MetaData>
<meta>
<key>task.meta.readOnly</key>
<value>false</value>
</meta>
<meta>
<key>task.meta.type</key>
<value>url</value>
</meta>
<meta>
<key>task.meta.required</key>
<value>false</value>
</meta>
<meta>
<key>task.meta.attributeKind</key>
<value>task.common.kind.default</value>
</meta>
<meta>
<key>task.meta.label</key>
<value>URL:</value>
</meta>
</MetaData>
<Attributes/>
</Attribute>
<Attribute id="newcc">
<values/>
<options/>
<MetaData>
<meta>
<key>task.meta.readOnly</key>
<value>false</value>
</meta>
<meta>
<key>task.meta.type</key>
<value>person</value>
</meta>
<meta>
<key>task.meta.required</key>
<value>false</value>
</meta>
<meta>
<key>task.meta.attributeKind</key>
<value>task.common.kind.people</value>
</meta>
<meta>
<key>task.meta.label</key>
<value>Add CC:</value>
</meta>
</MetaData>
<Attributes/>
</Attribute>
<Attribute id="keywords">
<values>
<value/>
</values>
<options>
<option>
<key>Documentation</key>
<value>Documentation</value>
</option>
<option>
<key>PII</key>
<value>PII</value>
</option>
<option>
<key>accessibility</key>
<value>accessibility</value>
</option>
<option>
<key>api</key>
<value>api</value>
</option>
<option>
<key>bugday</key>
<value>bugday</value>
</option>
<option>
<key>consistency</key>
<value>consistency</value>
</option>
<option>
<key>contributed</key>
<value>contributed</value>
</option>
<option>
<key>core</key>
<value>core</value>
</option>
<option>
<key>cross-project</key>
<value>cross-project</value>
</option>
<option>
<key>example</key>
<value>example</value>
</option>
<option>
<key>faq</key>
<value>faq</value>
</option>
<option>
<key>greatbug</key>
<value>greatbug</value>
</option>
<option>
<key>greatfix</key>
<value>greatfix</value>
</option>
<option>
<key>helpwanted</key>
<value>helpwanted</value>
</option>
<option>
<key>info</key>
<value>info</value>
</option>
<option>
<key>investigate</key>
<value>investigate</value>
</option>
<option>
<key>lts</key>
<value>lts</value>
</option>
<option>
<key>needinfo</key>
<value>needinfo</value>
</option>
<option>
<key>nl</key>
<value>nl</value>
</option>
<option>
<key>noteworthy</key>
<value>noteworthy</value>
</option>
<option>
<key>performance</key>
<value>performance</value>
</option>
<option>
<key>plan</key>
<value>plan</value>
</option>
<option>
<key>polish</key>
<value>polish</value>
</option>
<option>
<key>readme</key>
<value>readme</value>
</option>
<option>
<key>security</key>
<value>security</value>
</option>
<option>
<key>test</key>
<value>test</value>
</option>
<option>
<key>triaged</key>
<value>triaged</value>
</option>
<option>
<key>ui</key>
<value>ui</value>
</option>
<option>
<key>usability</key>
<value>usability</value>
</option>
<option>
<key>vm</key>
<value>vm</value>
</option>
<option>
<key/>
<value/>
</option>
</options>
<MetaData>
<meta>
<key>task.meta.readOnly</key>
<value>false</value>
</meta>
<meta>
<key>task.meta.type</key>
<value>bugzilla.editor.keywords</value>
</meta>
<meta>
<key>task.meta.required</key>
<value>false</value>
</meta>
<meta>
<key>task.meta.attributeKind</key>
<value>task.common.kind.default</value>
</meta>
<meta>
<key>task.meta.label</key>
<value>Keywords:</value>
</meta>
</MetaData>
<Attributes/>
</Attribute>
<Attribute id="cc">
<values/>
<options/>
<MetaData>
<meta>
<key>task.meta.readOnly</key>
<value>true</value>
</meta>
<meta>
<key>task.meta.type</key>
<value>bugzilla.editor.removecc</value>
</meta>
<meta>
<key>task.meta.required</key>
<value>false</value>
</meta>
<meta>
<key>task.meta.label</key>
<value>CC:
(Select to remove)</value>
</meta>
</MetaData>
<Attributes/>
</Attribute>
<Attribute id="new_comment">
<values/>
<options/>
<MetaData>
<meta>
<key>task.meta.readOnly</key>
<value>false</value>
</meta>
<meta>
<key>task.meta.type</key>
<value>longRichText</value>
</meta>
<meta>
<key>task.meta.required</key>
<value>false</value>
</meta>
<meta>
<key>task.meta.label</key>
<value>new comment</value>
</meta>
</MetaData>
<Attributes/>
</Attribute>
<Attribute id="qa_contact">
<values/>
<options/>
<MetaData>
<meta>
<key>task.meta.readOnly</key>
<value>false</value>
</meta>
<meta>
<key>task.meta.type</key>
<value>person</value>
</meta>
<meta>
<key>task.meta.required</key>
<value>false</value>
</meta>
<meta>
<key>task.meta.attributeKind</key>
<value>task.common.kind.people</value>
</meta>
<meta>
<key>task.meta.label</key>
<value>QA Contact:</value>
</meta>
</MetaData>
<Attributes/>
</Attribute>
<Attribute id="status_whiteboard">
<values>
<value/>
</values>
<options/>
<MetaData>
<meta>
<key>task.meta.readOnly</key>
<value>false</value>
</meta>
<meta>
<key>task.meta.type</key>
<value>shortText</value>
</meta>
<meta>
<key>task.meta.required</key>
<value>false</value>
</meta>
<meta>
<key>task.meta.attributeKind</key>
<value>task.common.kind.default</value>
</meta>
<meta>
<key>task.meta.label</key>
<value>Status Whiteboard:</value>
</meta>
<meta>
<key>task.meta.index.content</key>
<value>true</value>
</meta>
</MetaData>
<Attributes/>
</Attribute>
<Attribute id="exporter">
<values>
<value/>
</values>
<options/>
<MetaData>
<meta>
<key>task.meta.readOnly</key>
<value>true</value>
</meta>
<meta>
<key>task.meta.type</key>
<value>person</value>
</meta>
<meta>
<key>task.meta.required</key>
<value>false</value>
</meta>
<meta>
<key>task.meta.label</key>
<value>Exporter:</value>
</meta>
</MetaData>
<Attributes/>
</Attribute>
<Attribute id="creation_ts">
<values>
<value>2001-10-10 21:34:00 -0400</value>
</values>
<options/>
<MetaData>
<meta>
<key>task.meta.readOnly</key>
<value>false</value>
</meta>
<meta>
<key>task.meta.type</key>
<value>date</value>
</meta>
<meta>
<key>task.meta.required</key>
<value>false</value>
</meta>
<meta>
<key>task.meta.label</key>
<value>Opened:</value>
</meta>
</MetaData>
<Attributes/>
</Attribute>
<Attribute id="delta_ts">
<values>
<value>2002-03-01 16:27:31 -0500</value>
</values>
<options/>
<MetaData>
<meta>
<key>task.meta.readOnly</key>
<value>false</value>
</meta>
<meta>
<key>task.meta.type</key>
<value>date</value>
</meta>
<meta>
<key>task.meta.required</key>
<value>false</value>
</meta>
<meta>
<key>task.meta.label</key>
<value>Modified:</value>
</meta>
</MetaData>
<Attributes/>
</Attribute>
<Attribute id="reporter_accessible">
<values>
<value>1</value>
</values>
<options/>
<MetaData>
<meta>
<key>task.meta.readOnly</key>
<value>false</value>
</meta>
<meta>
<key>task.meta.type</key>
<value>boolean</value>
</meta>
<meta>
<key>task.meta.required</key>
<value>false</value>
</meta>
<meta>
<key>task.meta.label</key>
<value>Reporter</value>
</meta>
</MetaData>
<Attributes/>
</Attribute>
<Attribute id="cclist_accessible">
<values>
<value>1</value>
</values>
<options/>
<MetaData>
<meta>
<key>task.meta.readOnly</key>
<value>false</value>
</meta>
<meta>
<key>task.meta.type</key>
<value>boolean</value>
</meta>
<meta>
<key>task.meta.required</key>
<value>false</value>
</meta>
<meta>
<key>task.meta.label</key>
<value>CC List</value>
</meta>
</MetaData>
<Attributes/>
</Attribute>
<Attribute id="classification_id">
<values>
<value>2</value>
</values>
<options/>
<MetaData>
<meta>
<key>task.meta.readOnly</key>
<value>false</value>
</meta>
<meta>
<key>task.meta.type</key>
<value>shortText</value>
</meta>
<meta>
<key>task.meta.required</key>
<value>false</value>
</meta>
<meta>
<key>task.meta.label</key>
<value>Classification ID:</value>
</meta>
</MetaData>
<Attributes/>
</Attribute>
<Attribute id="classification">
<values>
<value>Eclipse</value>
</values>
<options/>
<MetaData>
<meta>
<key>task.meta.readOnly</key>
<value>false</value>
</meta>
<meta>
<key>task.meta.type</key>
<value>shortText</value>
</meta>
<meta>
<key>task.meta.required</key>
<value>false</value>
</meta>
<meta>
<key>task.meta.label</key>
<value>Classification:</value>
</meta>
</MetaData>
<Attributes/>
</Attribute>
<Attribute id="everconfirmed">
<values>
<value>1</value>
</values>
<options/>
<MetaData>
<meta>
<key>task.meta.readOnly</key>
<value>false</value>
</meta>
<meta>
<key>task.meta.type</key>
<value>boolean</value>
</meta>
<meta>
<key>task.meta.required</key>
<value>false</value>
</meta>
<meta>
<key>task.meta.label</key>
<value>everconfirmed</value>
</meta>
</MetaData>
<Attributes/>
</Attribute>
<Attribute id="reporter_name">
<values>
<value>Grant Gayed</value>
</values>
<options/>
<MetaData>
<meta>
<key>task.meta.readOnly</key>
<value>true</value>
</meta>
<meta>
<key>task.meta.type</key>
<value>person</value>
</meta>
<meta>
<key>task.meta.required</key>
<value>false</value>
</meta>
<meta>
<key>task.meta.label</key>
<value>Reporter:</value>
</meta>
</MetaData>
<Attributes/>
</Attribute>
<Attribute id="assigned_to_name">
<values>
<value>Michael Valenta</value>
</values>
<options/>
<MetaData>
<meta>
<key>task.meta.readOnly</key>
<value>true</value>
</meta>
<meta>
<key>task.meta.type</key>
<value>person</value>
</meta>
<meta>
<key>task.meta.required</key>
<value>false</value>
</meta>
<meta>
<key>task.meta.label</key>
<value>Assigned to:</value>
</meta>
</MetaData>
<Attributes/>
</Attribute>
<Attribute id="votes">
<values>
<value>0</value>
</values>
<options/>
<MetaData>
<meta>
<key>task.meta.readOnly</key>
<value>true</value>
</meta>
<meta>
<key>task.meta.type</key>
<value>bugzilla.editor.votes</value>
</meta>
<meta>
<key>task.meta.required</key>
<value>false</value>
</meta>
<meta>
<key>task.meta.attributeKind</key>
<value>task.common.kind.default</value>
</meta>
<meta>
<key>task.meta.label</key>
<value>Votes:</value>
</meta>
</MetaData>
<Attributes/>
</Attribute>
<Attribute id="long_desc">
<values>
<value>- become synchronized with some project in a repository
- use a different Eclipse to make a change to a file resource within this project and release it to the repository
- in the original Eclipse mark this file resource as being read-only (select it, right-click -&gt; Properties, change, OK)
- select the file resource, right-click -&gt; Team -&gt; Synchronize with Stream
- in the subsequent comparison view select the file resource, right-click -&gt; Catchup
- since it has been marked as read-only there are inevitable problems.  However the error dialog that is shown
	does not offer much assistance ("An IO error occurred: IO Error")


NOTES:</value>
</values>
<options/>
<MetaData>
<meta>
<key>task.meta.readOnly</key>
<value>true</value>
</meta>
<meta>
<key>task.meta.type</key>
<value>longRichText</value>
</meta>
<meta>
<key>task.meta.required</key>
<value>false</value>
</meta>
<meta>
<key>task.meta.label</key>
<value>Description:</value>
</meta>
</MetaData>
<Attributes>
<Attribute id="id">
<values>
<value>4</value>
</values>
<options/>
<MetaData/>
<Attributes/>
</Attribute>
<Attribute id="isprivate">
<values>
<value>0</value>
</values>
<options/>
<MetaData/>
<Attributes/>
</Attribute>
</Attributes>
</Attribute>
<Attribute id="task.common.comment-1">
<values>
<value>6325</value>
</values>
<options/>
<MetaData>
<meta>
<key>task.meta.readOnly</key>
<value>true</value>
</meta>
<meta>
<key>task.meta.type</key>
<value>comment</value>
</meta>
<meta>
<key>task.meta.required</key>
<value>false</value>
</meta>
<meta>
<key>task.meta.associated.attribute</key>
<value>thetext</value>
</meta>
</MetaData>
<Attributes>
<Attribute id="bug_when">
<values>
<value>2001-10-23 23:39:11</value>
</values>
<options/>
<MetaData>
<meta>
<key>task.meta.label</key>
<value>Created</value>
</meta>
<meta>
<key>task.meta.type</key>
<value>dateTime</value>
</meta>
<meta>
<key>task.meta.readOnly</key>
<value>true</value>
</meta>
<meta>
<key>task.meta.required</key>
<value>false</value>
</meta>
</MetaData>
<Attributes/>
</Attribute>
<Attribute id="who">
<values>
<value>dj.houghton</value>
</values>
<options/>
<MetaData>
<meta>
<key>task.meta.label</key>
<value>Author</value>
</meta>
<meta>
<key>task.meta.type</key>
<value>person</value>
</meta>
<meta>
<key>task.meta.readOnly</key>
<value>true</value>
</meta>
<meta>
<key>task.meta.required</key>
<value>false</value>
</meta>
</MetaData>
<Attributes>
<Attribute id="task.common.person.name">
<values>
<value>DJ Houghton</value>
</values>
<options/>
<MetaData/>
<Attributes/>
</Attribute>
</Attributes>
</Attribute>
<Attribute id="task.common.comment.number">
<values>
<value>1</value>
</values>
<options/>
<MetaData>
<meta>
<key>task.meta.label</key>
<value>Number</value>
</meta>
<meta>
<key>task.meta.type</key>
<value>integer</value>
</meta>
<meta>
<key>task.meta.readOnly</key>
<value>true</value>
</meta>
<meta>
<key>task.meta.required</key>
<value>false</value>
</meta>
</MetaData>
<Attributes/>
</Attribute>
<Attribute id="task.common.comment.url">
<values>
<value>https://bugs.eclipse.org/bugs/show_bug.cgi?id=4#c1</value>
</values>
<options/>
<MetaData>
<meta>
<key>task.meta.label</key>
<value>URL</value>
</meta>
<meta>
<key>task.meta.type</key>
<value>url</value>
</meta>
<meta>
<key>task.meta.readOnly</key>
<value>true</value>
</meta>
<meta>
<key>task.meta.required</key>
<value>false</value>
</meta>
</MetaData>
<Attributes/>
</Attribute>
<Attribute id="thetext">
<values>
<value>PRODUCT VERSION:
0.122 win32</value>
</values>
<options/>
<MetaData>
<meta>
<key>task.meta.label</key>
<value>Description</value>
</meta>
<meta>
<key>task.meta.type</key>
<value>longRichText</value>
</meta>
<meta>
<key>task.meta.readOnly</key>
<value>true</value>
</meta>
<meta>
<key>task.meta.required</key>
<value>false</value>
</meta>
</MetaData>
<Attributes/>
</Attribute>
<Attribute id="isprivate">
<values>
<value>0</value>
</values>
<options/>
<MetaData>
<meta>
<key>task.meta.label</key>
<value>Private</value>
</meta>
<meta>
<key>task.meta.type</key>
<value>boolean</value>
</meta>
<meta>
<key>task.meta.readOnly</key>
<value>false</value>
</meta>
<meta>
<key>task.meta.required</key>
<value>false</value>
</meta>
</MetaData>
<Attributes/>
</Attribute>
</Attributes>
</Attribute>
<Attribute id="task.common.comment-2">
<values>
<value>29563</value>
</values>
<options/>
<MetaData>
<meta>
<key>task.meta.readOnly</key>
<value>true</value>
</meta>
<meta>
<key>task.meta.type</key>
<value>comment</value>
</meta>
<meta>
<key>task.meta.required</key>
<value>false</value>
</meta>
<meta>
<key>task.meta.associated.attribute</key>
<value>thetext</value>
</meta>
</MetaData>
<Attributes>
<Attribute id="bug_when">
<values>
<value>2002-03-01 16:27:31</value>
</values>
<options/>
<MetaData>
<meta>
<key>task.meta.label</key>
<value>Created</value>
</meta>
<meta>
<key>task.meta.type</key>
<value>dateTime</value>
</meta>
<meta>
<key>task.meta.readOnly</key>
<value>true</value>
</meta>
<meta>
<key>task.meta.required</key>
<value>false</value>
</meta>
</MetaData>
<Attributes/>
</Attribute>
<Attribute id="who">
<values>
<value>Kevin_McGuire</value>
</values>
<options/>
<MetaData>
<meta>
<key>task.meta.label</key>
<value>Author</value>
</meta>
<meta>
<key>task.meta.type</key>
<value>person</value>
</meta>
<meta>
<key>task.meta.readOnly</key>
<value>true</value>
</meta>
<meta>
<key>task.meta.required</key>
<value>false</value>
</meta>
</MetaData>
<Attributes>
<Attribute id="task.common.person.name">
<values>
<value>Kevin McGuire</value>
</values>
<options/>
<MetaData/>
<Attributes/>
</Attribute>
</Attributes>
</Attribute>
<Attribute id="task.common.comment.number">
<values>
<value>2</value>
</values>
<options/>
<MetaData>
<meta>
<key>task.meta.label</key>
<value>Number</value>
</meta>
<meta>
<key>task.meta.type</key>
<value>integer</value>
</meta>
<meta>
<key>task.meta.readOnly</key>
<value>true</value>
</meta>
<meta>
<key>task.meta.required</key>
<value>false</value>
</meta>
</MetaData>
<Attributes/>
</Attribute>
<Attribute id="task.common.comment.url">
<values>
<value>https://bugs.eclipse.org/bugs/show_bug.cgi?id=4#c2</value>
</values>
<options/>
<MetaData>
<meta>
<key>task.meta.label</key>
<value>URL</value>
</meta>
<meta>
<key>task.meta.type</key>
<value>url</value>
</meta>
<meta>
<key>task.meta.readOnly</key>
<value>true</value>
</meta>
<meta>
<key>task.meta.required</key>
<value>false</value>
</meta>
</MetaData>
<Attributes/>
</Attribute>
<Attribute id="thetext">
<values>
<value>Now says "Access is denied"</value>
</values>
<options/>
<MetaData>
<meta>
<key>task.meta.label</key>
<value>Description</value>
</meta>
<meta>
<key>task.meta.type</key>
<value>longRichText</value>
</meta>
<meta>
<key>task.meta.readOnly</key>
<value>true</value>
</meta>
<meta>
<key>task.meta.required</key>
<value>false</value>
</meta>
</MetaData>
<Attributes/>
</Attribute>
<Attribute id="isprivate">
<values>
<value>0</value>
</values>
<options/>
<MetaData>
<meta>
<key>task.meta.label</key>
<value>Private</value>
</meta>
<meta>
<key>task.meta.type</key>
<value>boolean</value>
</meta>
<meta>
<key>task.meta.readOnly</key>
<value>false</value>
</meta>
<meta>
<key>task.meta.required</key>
<value>false</value>
</meta>
</MetaData>
<Attributes/>
</Attribute>
</Attributes>
</Attribute>
<Attribute id="longdesclength">
<values>
<value>3</value>
</values>
<options/>
<MetaData>
<meta>
<key>task.meta.readOnly</key>
<value>false</value>
</meta>
<meta>
<key>task.meta.type</key>
<value>shortText</value>
</meta>
<meta>
<key>task.meta.required</key>
<value>false</value>
</meta>
<meta>
<key>task.meta.label</key>
<value>Number of comments</value>
</meta>
</MetaData>
<Attributes/>
</Attribute>
<Attribute id="task.common.kind.flag_type4">
<values/>
<options/>
<MetaData>
<meta>
<key>task.meta.readOnly</key>
<value>false</value>
</meta>
<meta>
<key>task.meta.type</key>
<value>bugzilla.editor.flag</value>
</meta>
<meta>
<key>task.meta.required</key>
<value>false</value>
</meta>
<meta>
<key>task.meta.label</key>
<value>Documentation updated</value>
</meta>
<meta>
<key>task.meta.attributeKind</key>
<value>task.common.kind.flag</value>
</meta>
<meta>
<key>task.meta.associated.attribute</key>
<value>state</value>
</meta>
</MetaData>
<Attributes>
<Attribute id="requestee">
<values>
<value/>
</values>
<options/>
<MetaData>
<meta>
<key>task.meta.readOnly</key>
<value>true</value>
</meta>
<meta>
<key>task.meta.type</key>
<value>shortText</value>
</meta>
<meta>
<key>task.meta.required</key>
<value>false</value>
</meta>
</MetaData>
<Attributes/>
</Attribute>
<Attribute id="setter">
<values>
<value/>
</values>
<options/>
<MetaData>
<meta>
<key>task.meta.readOnly</key>
<value>true</value>
</meta>
<meta>
<key>task.meta.type</key>
<value>shortText</value>
</meta>
<meta>
<key>task.meta.required</key>
<value>false</value>
</meta>
</MetaData>
<Attributes/>
</Attribute>
<Attribute id="state">
<values>
<value> </value>
</values>
<options>
<option>
<key/>
<value/>
</option>
<option>
<key>+</key>
<value>+</value>
</option>
<option>
<key>-</key>
<value>-</value>
</option>
</options>
<MetaData>
<meta>
<key>task.meta.readOnly</key>
<value>false</value>
</meta>
<meta>
<key>task.meta.type</key>
<value>singleSelect</value>
</meta>
<meta>
<key>task.meta.required</key>
<value>false</value>
</meta>
<meta>
<key>task.meta.label</key>
<value>documentation</value>
</meta>
</MetaData>
<Attributes/>
</Attribute>
</Attributes>
</Attribute>
<Attribute id="task.common.kind.flag_type11">
<values/>
<options/>
<MetaData>
<meta>
<key>task.meta.readOnly</key>
<value>false</value>
</meta>
<meta>
<key>task.meta.type</key>
<value>bugzilla.editor.flag</value>
</meta>
<meta>
<key>task.meta.required</key>
<value>false</value>
</meta>
<meta>
<key>task.meta.label</key>
<value>Used to tag plan items against the release in which they're planned (i.e. Indigo this time around). This is necessary for bug-based plans to retain information about bugs that were deferred from one release and then get committed for a subsequent release - e.g. a bug that was deferred from ganymede but committed for galileo would have both 'galileo' and 'ganymede' flags on it.</value>
</meta>
<meta>
<key>task.meta.attributeKind</key>
<value>task.common.kind.flag</value>
</meta>
<meta>
<key>task.meta.associated.attribute</key>
<value>state</value>
</meta>
</MetaData>
<Attributes>
<Attribute id="requestee">
<values>
<value/>
</values>
<options/>
<MetaData>
<meta>
<key>task.meta.readOnly</key>
<value>true</value>
</meta>
<meta>
<key>task.meta.type</key>
<value>shortText</value>
</meta>
<meta>
<key>task.meta.required</key>
<value>false</value>
</meta>
</MetaData>
<Attributes/>
</Attribute>
<Attribute id="setter">
<values>
<value/>
</values>
<options/>
<MetaData>
<meta>
<key>task.meta.readOnly</key>
<value>true</value>
</meta>
<meta>
<key>task.meta.type</key>
<value>shortText</value>
</meta>
<meta>
<key>task.meta.required</key>
<value>false</value>
</meta>
</MetaData>
<Attributes/>
</Attribute>
<Attribute id="state">
<values>
<value> </value>
</values>
<options>
<option>
<key/>
<value/>
</option>
<option>
<key>+</key>
<value>+</value>
</option>
<option>
<key>-</key>
<value>-</value>
</option>
</options>
<MetaData>
<meta>
<key>task.meta.readOnly</key>
<value>false</value>
</meta>
<meta>
<key>task.meta.type</key>
<value>singleSelect</value>
</meta>
<meta>
<key>task.meta.required</key>
<value>false</value>
</meta>
<meta>
<key>task.meta.label</key>
<value>indigo</value>
</meta>
</MetaData>
<Attributes/>
</Attribute>
</Attributes>
</Attribute>
<Attribute id="task.common.kind.flag_type8">
<values/>
<options/>
<MetaData>
<meta>
<key>task.meta.readOnly</key>
<value>false</value>
</meta>
<meta>
<key>task.meta.type</key>
<value>bugzilla.editor.flag</value>
</meta>
<meta>
<key>task.meta.required</key>
<value>false</value>
</meta>
<meta>
<key>task.meta.label</key>
<value>Set to + to flag the bug for the IP log. This is a committers-only flag for bugs.</value>
</meta>
<meta>
<key>task.meta.attributeKind</key>
<value>task.common.kind.flag</value>
</meta>
<meta>
<key>task.meta.associated.attribute</key>
<value>state</value>
</meta>
</MetaData>
<Attributes>
<Attribute id="requestee">
<values>
<value/>
</values>
<options/>
<MetaData>
<meta>
<key>task.meta.readOnly</key>
<value>true</value>
</meta>
<meta>
<key>task.meta.type</key>
<value>shortText</value>
</meta>
<meta>
<key>task.meta.required</key>
<value>false</value>
</meta>
</MetaData>
<Attributes/>
</Attribute>
<Attribute id="setter">
<values>
<value/>
</values>
<options/>
<MetaData>
<meta>
<key>task.meta.readOnly</key>
<value>true</value>
</meta>
<meta>
<key>task.meta.type</key>
<value>shortText</value>
</meta>
<meta>
<key>task.meta.required</key>
<value>false</value>
</meta>
</MetaData>
<Attributes/>
</Attribute>
<Attribute id="state">
<values>
<value> </value>
</values>
<options>
<option>
<key/>
<value/>
</option>
<option>
<key>+</key>
<value>+</value>
</option>
<option>
<key>-</key>
<value>-</value>
</option>
</options>
<MetaData>
<meta>
<key>task.meta.readOnly</key>
<value>false</value>
</meta>
<meta>
<key>task.meta.type</key>
<value>singleSelect</value>
</meta>
<meta>
<key>task.meta.required</key>
<value>false</value>
</meta>
<meta>
<key>task.meta.label</key>
<value>iplog</value>
</meta>
</MetaData>
<Attributes/>
</Attribute>
</Attributes>
</Attribute>
<Attribute id="task.common.kind.flag_type12">
<values/>
<options/>
<MetaData>
<meta>
<key>task.meta.readOnly</key>
<value>false</value>
</meta>
<meta>
<key>task.meta.type</key>
<value>bugzilla.editor.flag</value>
</meta>
<meta>
<key>task.meta.required</key>
<value>false</value>
</meta>
<meta>
<key>task.meta.label</key>
<value>Used to tag plan items against the release in which they're planned (i.e. Juno this time around). This is necessary for bug-based plans to retain information about bugs that were deferred from one release and then get committed for a subsequent release - e.g. a bug that was deferred from ganymede but committed for galileo would have both 'galileo' and 'ganymede' flags on it.</value>
</meta>
<meta>
<key>task.meta.attributeKind</key>
<value>task.common.kind.flag</value>
</meta>
<meta>
<key>task.meta.associated.attribute</key>
<value>state</value>
</meta>
</MetaData>
<Attributes>
<Attribute id="requestee">
<values>
<value/>
</values>
<options/>
<MetaData>
<meta>
<key>task.meta.readOnly</key>
<value>true</value>
</meta>
<meta>
<key>task.meta.type</key>
<value>shortText</value>
</meta>
<meta>
<key>task.meta.required</key>
<value>false</value>
</meta>
</MetaData>
<Attributes/>
</Attribute>
<Attribute id="setter">
<values>
<value/>
</values>
<options/>
<MetaData>
<meta>
<key>task.meta.readOnly</key>
<value>true</value>
</meta>
<meta>
<key>task.meta.type</key>
<value>shortText</value>
</meta>
<meta>
<key>task.meta.required</key>
<value>false</value>
</meta>
</MetaData>
<Attributes/>
</Attribute>
<Attribute id="state">
<values>
<value> </value>
</values>
<options>
<option>
<key/>
<value/>
</option>
<option>
<key>+</key>
<value>+</value>
</option>
<option>
<key>-</key>
<value>-</value>
</option>
</options>
<MetaData>
<meta>
<key>task.meta.readOnly</key>
<value>false</value>
</meta>
<meta>
<key>task.meta.type</key>
<value>singleSelect</value>
</meta>
<meta>
<key>task.meta.required</key>
<value>false</value>
</meta>
<meta>
<key>task.meta.label</key>
<value>juno</value>
</meta>
</MetaData>
<Attributes/>
</Attribute>
</Attributes>
</Attribute>
<Attribute id="task.common.kind.flag_type13">
<values/>
<options/>
<MetaData>
<meta>
<key>task.meta.readOnly</key>
<value>false</value>
</meta>
<meta>
<key>task.meta.type</key>
<value>bugzilla.editor.flag</value>
</meta>
<meta>
<key>task.meta.required</key>
<value>false</value>
</meta>
<meta>
<key>task.meta.label</key>
<value>Used to tag plan items against the release in which they're planned (i.e. kepler this time around). This is necessary for bug-based plans to retain information about bugs that were deferred from one release and then get committed for a subsequent release - e.g. a bug that was deferred from ganymede but committed for galileo would have both 'galileo' and 'ganymede' flags on it.</value>
</meta>
<meta>
<key>task.meta.attributeKind</key>
<value>task.common.kind.flag</value>
</meta>
<meta>
<key>task.meta.associated.attribute</key>
<value>state</value>
</meta>
</MetaData>
<Attributes>
<Attribute id="requestee">
<values>
<value/>
</values>
<options/>
<MetaData>
<meta>
<key>task.meta.readOnly</key>
<value>true</value>
</meta>
<meta>
<key>task.meta.type</key>
<value>shortText</value>
</meta>
<meta>
<key>task.meta.required</key>
<value>false</value>
</meta>
</MetaData>
<Attributes/>
</Attribute>
<Attribute id="setter">
<values>
<value/>
</values>
<options/>
<MetaData>
<meta>
<key>task.meta.readOnly</key>
<value>true</value>
</meta>
<meta>
<key>task.meta.type</key>
<value>shortText</value>
</meta>
<meta>
<key>task.meta.required</key>
<value>false</value>
</meta>
</MetaData>
<Attributes/>
</Attribute>
<Attribute id="state">
<values>
<value> </value>
</values>
<options>
<option>
<key/>
<value/>
</option>
<option>
<key>+</key>
<value>+</value>
</option>
<option>
<key>-</key>
<value>-</value>
</option>
</options>
<MetaData>
<meta>
<key>task.meta.readOnly</key>
<value>false</value>
</meta>
<meta>
<key>task.meta.type</key>
<value>singleSelect</value>
</meta>
<meta>
<key>task.meta.required</key>
<value>false</value>
</meta>
<meta>
<key>task.meta.label</key>
<value>kepler</value>
</meta>
</MetaData>
<Attributes/>
</Attribute>
</Attributes>
</Attribute>
<Attribute id="task.common.kind.flag_type14">
<values/>
<options/>
<MetaData>
<meta>
<key>task.meta.readOnly</key>
<value>false</value>
</meta>
<meta>
<key>task.meta.type</key>
<value>bugzilla.editor.flag</value>
</meta>
<meta>
<key>task.meta.required</key>
<value>false</value>
</meta>
<meta>
<key>task.meta.label</key>
<value>Used to tag plan items against the release in which they're planned (i.e. Luna this time around). This is necessary for bug-based plans to retain information about bugs that were deferred from one release and then get committed for a subsequent release - e.g. a bug that was deferred from ganymede but committed for galileo would have both 'galileo' and 'ganymede' flags on it.</value>
</meta>
<meta>
<key>task.meta.attributeKind</key>
<value>task.common.kind.flag</value>
</meta>
<meta>
<key>task.meta.associated.attribute</key>
<value>state</value>
</meta>
</MetaData>
<Attributes>
<Attribute id="requestee">
<values>
<value/>
</values>
<options/>
<MetaData>
<meta>
<key>task.meta.readOnly</key>
<value>true</value>
</meta>
<meta>
<key>task.meta.type</key>
<value>shortText</value>
</meta>
<meta>
<key>task.meta.required</key>
<value>false</value>
</meta>
</MetaData>
<Attributes/>
</Attribute>
<Attribute id="setter">
<values>
<value/>
</values>
<options/>
<MetaData>
<meta>
<key>task.meta.readOnly</key>
<value>true</value>
</meta>
<meta>
<key>task.meta.type</key>
<value>shortText</value>
</meta>
<meta>
<key>task.meta.required</key>
<value>false</value>
</meta>
</MetaData>
<Attributes/>
</Attribute>
<Attribute id="state">
<values>
<value> </value>
</values>
<options>
<option>
<key/>
<value/>
</option>
<option>
<key>+</key>
<value>+</value>
</option>
<option>
<key>-</key>
<value>-</value>
</option>
</options>
<MetaData>
<meta>
<key>task.meta.readOnly</key>
<value>false</value>
</meta>
<meta>
<key>task.meta.type</key>
<value>singleSelect</value>
</meta>
<meta>
<key>task.meta.required</key>
<value>false</value>
</meta>
<meta>
<key>task.meta.label</key>
<value>luna</value>
</meta>
</MetaData>
<Attributes/>
</Attribute>
</Attributes>
</Attribute>
<Attribute id="task.common.kind.flag_type15">
<values/>
<options/>
<MetaData>
<meta>
<key>task.meta.readOnly</key>
<value>false</value>
</meta>
<meta>
<key>task.meta.type</key>
<value>bugzilla.editor.flag</value>
</meta>
<meta>
<key>task.meta.required</key>
<value>false</value>
</meta>
<meta>
<key>task.meta.label</key>
<value>Used to tag plan items against the release in which they're planned (i.e. Mars this time around). This is necessary for bug-based plans to retain information about bugs that were deferred from one release and then get committed for a subsequent release - e.g. a bug that was deferred from ganymede but committed for galileo would have both 'galileo' and 'ganymede' flags on it.</value>
</meta>
<meta>
<key>task.meta.attributeKind</key>
<value>task.common.kind.flag</value>
</meta>
<meta>
<key>task.meta.associated.attribute</key>
<value>state</value>
</meta>
</MetaData>
<Attributes>
<Attribute id="requestee">
<values>
<value/>
</values>
<options/>
<MetaData>
<meta>
<key>task.meta.readOnly</key>
<value>true</value>
</meta>
<meta>
<key>task.meta.type</key>
<value>shortText</value>
</meta>
<meta>
<key>task.meta.required</key>
<value>false</value>
</meta>
</MetaData>
<Attributes/>
</Attribute>
<Attribute id="setter">
<values>
<value/>
</values>
<options/>
<MetaData>
<meta>
<key>task.meta.readOnly</key>
<value>true</value>
</meta>
<meta>
<key>task.meta.type</key>
<value>shortText</value>
</meta>
<meta>
<key>task.meta.required</key>
<value>false</value>
</meta>
</MetaData>
<Attributes/>
</Attribute>
<Attribute id="state">
<values>
<value> </value>
</values>
<options>
<option>
<key/>
<value/>
</option>
<option>
<key>+</key>
<value>+</value>
</option>
<option>
<key>-</key>
<value>-</value>
</option>
</options>
<MetaData>
<meta>
<key>task.meta.readOnly</key>
<value>false</value>
</meta>
<meta>
<key>task.meta.type</key>
<value>singleSelect</value>
</meta>
<meta>
<key>task.meta.required</key>
<value>false</value>
</meta>
<meta>
<key>task.meta.label</key>
<value>mars</value>
</meta>
</MetaData>
<Attributes/>
</Attribute>
</Attributes>
</Attribute>
<Attribute id="task.common.kind.flag_type16">
<values/>
<options/>
<MetaData>
<meta>
<key>task.meta.readOnly</key>
<value>false</value>
</meta>
<meta>
<key>task.meta.type</key>
<value>bugzilla.editor.flag</value>
</meta>
<meta>
<key>task.meta.required</key>
<value>false</value>
</meta>
<meta>
<key>task.meta.label</key>
<value>Used to tag plan items against the release in which they're planned (i.e. Mars this time around). This is necessary for bug-based plans to retain information about bugs that were deferred from one release and then get committed for a subsequent release - e.g. a bug that was deferred from ganymede but committed for galileo would have both 'galileo' and 'ganymede' flags on it.</value>
</meta>
<meta>
<key>task.meta.attributeKind</key>
<value>task.common.kind.flag</value>
</meta>
<meta>
<key>task.meta.associated.attribute</key>
<value>state</value>
</meta>
</MetaData>
<Attributes>
<Attribute id="requestee">
<values>
<value/>
</values>
<options/>
<MetaData>
<meta>
<key>task.meta.readOnly</key>
<value>true</value>
</meta>
<meta>
<key>task.meta.type</key>
<value>shortText</value>
</meta>
<meta>
<key>task.meta.required</key>
<value>false</value>
</meta>
</MetaData>
<Attributes/>
</Attribute>
<Attribute id="setter">
<values>
<value/>
</values>
<options/>
<MetaData>
<meta>
<key>task.meta.readOnly</key>
<value>true</value>
</meta>
<meta>
<key>task.meta.type</key>
<value>shortText</value>
</meta>
<meta>
<key>task.meta.required</key>
<value>false</value>
</meta>
</MetaData>
<Attributes/>
</Attribute>
<Attribute id="state">
<values>
<value> </value>
</values>
<options>
<option>
<key/>
<value/>
</option>
<option>
<key>+</key>
<value>+</value>
</option>
<option>
<key>-</key>
<value>-</value>
</option>
</options>
<MetaData>
<meta>
<key>task.meta.readOnly</key>
<value>false</value>
</meta>
<meta>
<key>task.meta.type</key>
<value>singleSelect</value>
</meta>
<meta>
<key>task.meta.required</key>
<value>false</value>
</meta>
<meta>
<key>task.meta.label</key>
<value>neon</value>
</meta>
</MetaData>
<Attributes/>
</Attribute>
</Attributes>
</Attribute>
<Attribute id="task.common.kind.flag_type2">
<values/>
<options/>
<MetaData>
<meta>
<key>task.meta.readOnly</key>
<value>false</value>
</meta>
<meta>
<key>task.meta.type</key>
<value>bugzilla.editor.flag</value>
</meta>
<meta>
<key>task.meta.required</key>
<value>false</value>
</meta>
<meta>
<key>task.meta.label</key>
<value>Code has PMC/Project Lead approval</value>
</meta>
<meta>
<key>task.meta.attributeKind</key>
<value>task.common.kind.flag</value>
</meta>
<meta>
<key>task.meta.associated.attribute</key>
<value>state</value>
</meta>
</MetaData>
<Attributes>
<Attribute id="requestee">
<values>
<value/>
</values>
<options/>
<MetaData>
<meta>
<key>task.meta.readOnly</key>
<value>false</value>
</meta>
<meta>
<key>task.meta.type</key>
<value>shortText</value>
</meta>
<meta>
<key>task.meta.required</key>
<value>false</value>
</meta>
</MetaData>
<Attributes/>
</Attribute>
<Attribute id="setter">
<values>
<value/>
</values>
<options/>
<MetaData>
<meta>
<key>task.meta.readOnly</key>
<value>true</value>
</meta>
<meta>
<key>task.meta.type</key>
<value>shortText</value>
</meta>
<meta>
<key>task.meta.required</key>
<value>false</value>
</meta>
</MetaData>
<Attributes/>
</Attribute>
<Attribute id="state">
<values>
<value> </value>
</values>
<options>
<option>
<key/>
<value/>
</option>
<option>
<key>?</key>
<value>?</value>
</option>
<option>
<key>+</key>
<value>+</value>
</option>
<option>
<key>-</key>
<value>-</value>
</option>
</options>
<MetaData>
<meta>
<key>task.meta.readOnly</key>
<value>false</value>
</meta>
<meta>
<key>task.meta.type</key>
<value>singleSelect</value>
</meta>
<meta>
<key>task.meta.required</key>
<value>false</value>
</meta>
<meta>
<key>task.meta.label</key>
<value>pmc_approved</value>
</meta>
</MetaData>
<Attributes/>
</Attribute>
</Attributes>
</Attribute>
<Attribute id="task.common.kind.flag_type1">
<values/>
<options/>
<MetaData>
<meta>
<key>task.meta.readOnly</key>
<value>false</value>
</meta>
<meta>
<key>task.meta.type</key>
<value>bugzilla.editor.flag</value>
</meta>
<meta>
<key>task.meta.required</key>
<value>false</value>
</meta>
<meta>
<key>task.meta.label</key>
<value>Code review needed</value>
</meta>
<meta>
<key>task.meta.attributeKind</key>
<value>task.common.kind.flag</value>
</meta>
<meta>
<key>task.meta.associated.attribute</key>
<value>state</value>
</meta>
</MetaData>
<Attributes>
<Attribute id="requestee">
<values>
<value/>
</values>
<options/>
<MetaData>
<meta>
<key>task.meta.readOnly</key>
<value>true</value>
</meta>
<meta>
<key>task.meta.type</key>
<value>shortText</value>
</meta>
<meta>
<key>task.meta.required</key>
<value>false</value>
</meta>
</MetaData>
<Attributes/>
</Attribute>
<Attribute id="setter">
<values>
<value/>
</values>
<options/>
<MetaData>
<meta>
<key>task.meta.readOnly</key>
<value>true</value>
</meta>
<meta>
<key>task.meta.type</key>
<value>shortText</value>
</meta>
<meta>
<key>task.meta.required</key>
<value>false</value>
</meta>
</MetaData>
<Attributes/>
</Attribute>
<Attribute id="state">
<values>
<value> </value>
</values>
<options>
<option>
<key/>
<value/>
</option>
<option>
<key>?</key>
<value>?</value>
</option>
<option>
<key>+</key>
<value>+</value>
</option>
<option>
<key>-</key>
<value>-</value>
</option>
</options>
<MetaData>
<meta>
<key>task.meta.readOnly</key>
<value>false</value>
</meta>
<meta>
<key>task.meta.type</key>
<value>singleSelect</value>
</meta>
<meta>
<key>task.meta.required</key>
<value>false</value>
</meta>
<meta>
<key>task.meta.label</key>
<value>review</value>
</meta>
</MetaData>
<Attributes/>
</Attribute>
</Attributes>
</Attribute>
<Attribute id="task.common.operation">
<values>
<value>none</value>
</values>
<options/>
<MetaData>
<meta>
<key>task.meta.readOnly</key>
<value>true</value>
</meta>
<meta>
<key>task.meta.type</key>
<value>operation</value>
</meta>
<meta>
<key>task.meta.required</key>
<value>false</value>
</meta>
<meta>
<key>task.meta.label</key>
<value>Leave as RESOLVED FIXED</value>
</meta>
<meta>
<key>task.meta.disabled</key>
<value>false</value>
</meta>
</MetaData>
<Attributes/>
</Attribute>
<Attribute id="task.common.operation-none">
<values>
<value>none</value>
</values>
<options/>
<MetaData>
<meta>
<key>task.meta.readOnly</key>
<value>true</value>
</meta>
<meta>
<key>task.meta.type</key>
<value>operation</value>
</meta>
<meta>
<key>task.meta.required</key>
<value>false</value>
</meta>
<meta>
<key>task.meta.label</key>
<value>Leave as RESOLVED FIXED</value>
</meta>
<meta>
<key>task.meta.disabled</key>
<value>false</value>
</meta>
<meta>
<key>task.meta.description</key>
<value>Leave status unchanged!</value>
</meta>
</MetaData>
<Attributes/>
</Attribute>
<Attribute id="task.common.operation-reopen">
<values>
<value>reopen</value>
</values>
<options/>
<MetaData>
<meta>
<key>task.meta.readOnly</key>
<value>true</value>
</meta>
<meta>
<key>task.meta.type</key>
<value>operation</value>
</meta>
<meta>
<key>task.meta.required</key>
<value>false</value>
</meta>
<meta>
<key>task.meta.label</key>
<value>Reopen bug</value>
</meta>
<meta>
<key>task.meta.disabled</key>
<value>false</value>
</meta>
<meta>
<key>task.meta.description</key>
<value>This bug was once resolved, but the resolution was deemed incorrect.</value>
</meta>
</MetaData>
<Attributes/>
</Attribute>
<Attribute id="task.common.operation-verify">
<values>
<value>verify</value>
</values>
<options/>
<MetaData>
<meta>
<key>task.meta.readOnly</key>
<value>true</value>
</meta>
<meta>
<key>task.meta.type</key>
<value>operation</value>
</meta>
<meta>
<key>task.meta.required</key>
<value>false</value>
</meta>
<meta>
<key>task.meta.label</key>
<value>Mark as VERIFIED</value>
</meta>
<meta>
<key>task.meta.disabled</key>
<value>false</value>
</meta>
<meta>
<key>task.meta.description</key>
<value>A has looked at the bug and the resolution and agrees that the appropriate resolution has been taken.</value>
</meta>
</MetaData>
<Attributes/>
</Attribute>
<Attribute id="task.common.operation-close">
<values>
<value>close</value>
</values>
<options/>
<MetaData>
<meta>
<key>task.meta.readOnly</key>
<value>true</value>
</meta>
<meta>
<key>task.meta.type</key>
<value>operation</value>
</meta>
<meta>
<key>task.meta.required</key>
<value>false</value>
</meta>
<meta>
<key>task.meta.label</key>
<value>Mark as CLOSED</value>
</meta>
<meta>
<key>task.meta.disabled</key>
<value>false</value>
</meta>
<meta>
<key>task.meta.description</key>
<value>The bug is considered dead, the resolution is correct.</value>
</meta>
</MetaData>
<Attributes/>
</Attribute>
<Attribute id="task.common.operation-duplicate">
<values>
<value>duplicate</value>
</values>
<options/>
<MetaData>
<meta>
<key>task.meta.readOnly</key>
<value>true</value>
</meta>
<meta>
<key>task.meta.type</key>
<value>operation</value>
</meta>
<meta>
<key>task.meta.required</key>
<value>false</value>
</meta>
<meta>
<key>task.meta.label</key>
<value>Duplicate of</value>
</meta>
<meta>
<key>task.meta.disabled</key>
<value>false</value>
</meta>
<meta>
<key>task.meta.associated.attribute</key>
<value>dup_id</value>
</meta>
<meta>
<key>task.meta.description</key>
<value>Set this bug as duplicate of an other already existing bug</value>
</meta>
</MetaData>
<Attributes/>
</Attribute>
<Attribute id="dup_id">
<values/>
<options/>
<MetaData>
<meta>
<key>task.meta.readOnly</key>
<value>false</value>
</meta>
<meta>
<key>task.meta.type</key>
<value>taskDepenedency</value>
</meta>
<meta>
<key>task.meta.required</key>
<value>false</value>
</meta>
</MetaData>
<Attributes/>
</Attribute>
<Attribute id="task.common.operation-resolve">
<values>
<value>resolve</value>
</values>
<options/>
<MetaData>
<meta>
<key>task.meta.readOnly</key>
<value>true</value>
</meta>
<meta>
<key>task.meta.type</key>
<value>operation</value>
</meta>
<meta>
<key>task.meta.required</key>
<value>false</value>
</meta>
<meta>
<key>task.meta.label</key>
<value>Resolve as</value>
</meta>
<meta>
<key>task.meta.disabled</key>
<value>false</value>
</meta>
<meta>
<key>task.meta.associated.attribute</key>
<value>resolutionInput</value>
</meta>
<meta>
<key>task.meta.description</key>
<value>A resolution has been performed, and it is awaiting verification by QA.</value>
</meta>
</MetaData>
<Attributes/>
</Attribute>
<Attribute id="resolutionInput">
<values>
<value>FIXED</value>
</values>
<options>
<option>
<key>FIXED</key>
<value>FIXED</value>
</option>
<option>
<key>INVALID</key>
<value>INVALID</value>
</option>
<option>
<key>WONTFIX</key>
<value>WONTFIX</value>
</option>
<option>
<key>WORKSFORME</key>
<value>WORKSFORME</value>
</option>
<option>
<key>NOT_ECLIPSE</key>
<value>NOT_ECLIPSE</value>
</option>
</options>
<MetaData>
<meta>
<key>task.meta.type</key>
<value>singleSelect</value>
</meta>
</MetaData>
<Attributes/>
</Attribute>
<Attribute id="set_default_assignee">
<values>
<value>0</value>
</values>
<options/>
<MetaData>
<meta>
<key>task.meta.readOnly</key>
<value>false</value>
</meta>
<meta>
<key>task.meta.type</key>
<value>boolean</value>
</meta>
<meta>
<key>task.meta.required</key>
<value>false</value>
</meta>
<meta>
<key>task.meta.label</key>
<value>Reassign to default assignee</value>
</meta>
</MetaData>
<Attributes/>
</Attribute>
</Attributes>
</Attribute>
</Attributes>
</NewData>
</TaskState>
